,run_id,n_neighbors,n_components,min_cluster_size,min_samples,metric,cluster_selection_method,label_count,cost
732,732,20,12,15,5,manhattan,eom,2,0.0
505,505,20,12,15,5,manhattan,eom,2,0.0
104,104,20,12,15,5,manhattan,eom,2,0.0
1219,1219,20,12,15,5,manhattan,eom,2,0.0
662,662,20,12,15,5,manhattan,eom,2,0.0
182,182,20,12,8,5,manhattan,eom,2,0.0
712,712,20,5,15,3,euclidean,eom,4,0.004245754245754246
933,933,20,5,15,3,euclidean,eom,4,0.004245754245754246
1278,1278,20,5,15,3,manhattan,eom,4,0.004495504495504496
697,697,20,5,15,3,manhattan,eom,4,0.004495504495504496
254,254,20,5,15,5,euclidean,eom,4,0.004995004995004995
615,615,20,5,10,5,euclidean,eom,4,0.004995004995004995
974,974,20,5,10,5,euclidean,eom,4,0.004995004995004995
418,418,20,5,15,5,manhattan,eom,4,0.005494505494505495
731,731,20,5,10,5,manhattan,eom,4,0.005494505494505495
925,925,20,5,10,5,manhattan,eom,4,0.005494505494505495
1416,1416,20,5,10,5,manhattan,eom,4,0.005494505494505495
495,495,20,5,10,5,manhattan,eom,4,0.005494505494505495
1027,1027,15,8,5,1,sokalsneath,eom,3,0.08341658341658342
384,384,15,8,8,1,rogerstanimoto,leaf,3,0.08341658341658342
252,252,15,8,15,1,sokalsneath,leaf,3,0.08341658341658342
1147,1147,15,8,10,1,sokalsneath,eom,3,0.08341658341658342
328,328,15,8,8,1,sokalsneath,eom,3,0.08341658341658342
1481,1481,15,8,15,1,sokalsneath,leaf,3,0.08341658341658342
1366,1366,15,8,15,1,rogerstanimoto,leaf,3,0.08341658341658342
967,967,15,8,8,1,sokalsneath,eom,3,0.08341658341658342
989,989,15,8,15,1,sokalsneath,leaf,3,0.08341658341658342
560,560,15,8,8,1,sokalsneath,leaf,3,0.08341658341658342
50,50,15,8,10,1,rogerstanimoto,leaf,3,0.08341658341658342
1377,1377,15,8,15,1,sokalsneath,leaf,3,0.08341658341658342
1123,1123,15,8,5,1,sokalsneath,leaf,3,0.08341658341658342
371,371,15,8,5,1,sokalsneath,leaf,3,0.08341658341658342
888,888,15,8,5,1,rogerstanimoto,leaf,3,0.08341658341658342
772,772,15,8,10,1,rogerstanimoto,leaf,3,0.08341658341658342
1199,1199,15,8,15,1,sokalsneath,eom,3,0.08341658341658342
1442,1442,15,8,15,1,rogerstanimoto,eom,3,0.08341658341658342
402,402,15,8,15,1,rogerstanimoto,eom,3,0.08341658341658342
795,795,15,8,8,1,rogerstanimoto,eom,3,0.08341658341658342
834,834,15,8,10,1,sokalsneath,eom,3,0.08341658341658342
404,404,15,8,8,1,sokalsneath,eom,3,0.08341658341658342
1169,1169,15,8,8,1,rogerstanimoto,eom,3,0.08341658341658342
1452,1452,20,8,10,1,sokalsneath,leaf,3,0.08716283716283717
892,892,20,8,8,1,rogerstanimoto,leaf,3,0.08716283716283717
658,658,20,8,15,1,sokalsneath,eom,3,0.08716283716283717
327,327,20,8,5,1,rogerstanimoto,eom,3,0.08716283716283717
1311,1311,20,8,10,1,sokalsneath,eom,3,0.08716283716283717
794,794,20,8,8,1,sokalsneath,leaf,3,0.08716283716283717
1428,1428,20,8,5,1,sokalsneath,leaf,3,0.08716283716283717
127,127,20,8,5,1,rogerstanimoto,eom,3,0.08716283716283717
982,982,20,8,10,1,sokalsneath,eom,3,0.08716283716283717
596,596,20,8,8,1,rogerstanimoto,leaf,3,0.08716283716283717
817,817,20,8,8,1,rogerstanimoto,leaf,3,0.08716283716283717
286,286,20,8,5,1,rogerstanimoto,eom,3,0.08716283716283717
199,199,20,8,5,1,sokalsneath,leaf,3,0.08716283716283717
1094,1094,20,8,10,1,rogerstanimoto,leaf,3,0.08716283716283717
12,12,20,8,10,1,sokalsneath,leaf,3,0.08716283716283717
58,58,20,8,5,1,rogerstanimoto,leaf,3,0.08716283716283717
39,39,20,8,8,1,sokalsneath,eom,3,0.08716283716283717
446,446,20,8,5,1,sokalsneath,leaf,3,0.08716283716283717
723,723,20,8,8,1,rogerstanimoto,leaf,3,0.08716283716283717
709,709,20,8,15,1,rogerstanimoto,eom,3,0.08716283716283717
1401,1401,20,8,15,1,rogerstanimoto,eom,3,0.08716283716283717
1317,1317,20,8,15,1,rogerstanimoto,leaf,3,0.08716283716283717
1325,1325,20,8,8,1,rogerstanimoto,eom,3,0.08716283716283717
584,584,20,8,15,1,sokalsneath,eom,3,0.08716283716283717
1117,1117,20,8,15,1,rogerstanimoto,leaf,3,0.08716283716283717
752,752,20,8,10,1,sokalsneath,leaf,3,0.08716283716283717
332,332,20,8,10,1,rogerstanimoto,leaf,3,0.08716283716283717
683,683,20,8,5,1,sokalsneath,eom,3,0.08716283716283717
1274,1274,20,8,10,1,sokalsneath,eom,3,0.08716283716283717
1251,1251,20,12,5,3,rogerstanimoto,leaf,3,0.10939060939060939
289,289,20,12,8,3,sokalsneath,leaf,3,0.10939060939060939
288,288,20,12,10,3,rogerstanimoto,leaf,3,0.10939060939060939
1307,1307,20,12,15,3,rogerstanimoto,leaf,3,0.10939060939060939
1293,1293,20,12,15,3,sokalsneath,leaf,3,0.10939060939060939
849,849,20,12,5,3,sokalsneath,eom,3,0.10939060939060939
233,233,20,12,15,3,sokalsneath,leaf,3,0.10939060939060939
855,855,20,12,5,3,rogerstanimoto,eom,3,0.10939060939060939
597,597,20,12,8,3,rogerstanimoto,eom,3,0.10939060939060939
825,825,20,12,8,3,sokalsneath,eom,3,0.10939060939060939
1342,1342,20,12,10,3,sokalsneath,eom,3,0.10939060939060939
133,133,20,12,5,3,rogerstanimoto,leaf,3,0.10939060939060939
169,169,20,12,10,3,sokalsneath,eom,3,0.10939060939060939
120,120,20,12,10,3,rogerstanimoto,eom,3,0.10939060939060939
123,123,20,12,10,3,rogerstanimoto,eom,3,0.10939060939060939
240,240,20,12,10,3,rogerstanimoto,leaf,3,0.10939060939060939
255,255,20,12,10,3,sokalsneath,eom,3,0.10939060939060939
805,805,20,12,10,3,sokalsneath,leaf,3,0.10939060939060939
515,515,20,12,8,3,sokalsneath,leaf,3,0.10939060939060939
1225,1225,20,12,10,3,rogerstanimoto,eom,3,0.10939060939060939
1047,1047,20,12,8,3,rogerstanimoto,eom,3,0.10939060939060939
1140,1140,20,12,5,3,rogerstanimoto,eom,3,0.10939060939060939
1362,1362,20,12,5,3,rogerstanimoto,leaf,3,0.10939060939060939
378,378,20,12,5,3,sokalsneath,leaf,3,0.10939060939060939
38,38,20,12,15,3,sokalsneath,leaf,3,0.10939060939060939
297,297,20,12,8,3,rogerstanimoto,eom,3,0.10939060939060939
1102,1102,20,12,15,3,rogerstanimoto,leaf,3,0.10939060939060939
490,490,20,12,10,3,rogerstanimoto,leaf,3,0.10939060939060939
45,45,20,12,8,3,rogerstanimoto,leaf,3,0.10939060939060939
1099,1099,20,12,15,1,sokalsneath,leaf,3,0.12387612387612387
669,669,20,12,15,1,rogerstanimoto,leaf,3,0.12387612387612387
1104,1104,20,12,15,1,rogerstanimoto,eom,3,0.12387612387612387
652,652,20,12,10,1,sokalsneath,leaf,3,0.12387612387612387
501,501,20,12,15,1,sokalsneath,leaf,3,0.12387612387612387
720,720,20,12,5,1,rogerstanimoto,leaf,3,0.12387612387612387
253,253,20,12,10,1,sokalsneath,eom,3,0.12387612387612387
1224,1224,20,12,5,1,rogerstanimoto,eom,3,0.12387612387612387
163,163,20,12,8,1,rogerstanimoto,leaf,3,0.12387612387612387
522,522,20,12,5,1,rogerstanimoto,leaf,3,0.12387612387612387
879,879,20,12,5,1,rogerstanimoto,leaf,3,0.12387612387612387
1008,1008,20,12,15,1,sokalsneath,leaf,3,0.12387612387612387
1061,1061,20,12,15,1,rogerstanimoto,leaf,3,0.12387612387612387
1459,1459,20,12,8,1,rogerstanimoto,leaf,3,0.12387612387612387
1038,1038,20,12,5,1,sokalsneath,leaf,3,0.12387612387612387
1496,1496,20,12,10,1,sokalsneath,eom,3,0.12387612387612387
99,99,20,12,5,1,sokalsneath,eom,3,0.12387612387612387
209,209,20,12,5,1,sokalsneath,leaf,3,0.12387612387612387
1400,1400,20,12,8,1,sokalsneath,leaf,3,0.12387612387612387
577,577,20,12,5,1,sokalsneath,leaf,3,0.12387612387612387
282,282,20,12,10,1,sokalsneath,eom,3,0.12387612387612387
1396,1396,20,12,8,1,sokalsneath,eom,3,0.12387612387612387
410,410,20,12,8,1,rogerstanimoto,leaf,3,0.12387612387612387
1167,1167,20,12,10,1,sokalsneath,eom,3,0.12387612387612387
412,412,20,12,5,1,rogerstanimoto,eom,3,0.12387612387612387
424,424,20,12,10,1,rogerstanimoto,eom,3,0.12387612387612387
1250,1250,20,12,5,1,sokalsneath,leaf,3,0.12387612387612387
1300,1300,20,12,10,1,rogerstanimoto,leaf,3,0.12387612387612387
1271,1271,10,5,5,1,sokalsneath,eom,3,0.17882117882117882
381,381,10,5,5,1,sokalsneath,eom,3,0.17882117882117882
1217,1217,10,5,5,1,rogerstanimoto,eom,3,0.17882117882117882
1152,1152,10,5,8,1,sokalsneath,eom,3,0.17882117882117882
1120,1120,10,5,5,1,sokalsneath,eom,3,0.17882117882117882
930,930,10,5,10,1,sokalsneath,eom,3,0.17882117882117882
481,481,10,5,5,1,rogerstanimoto,eom,3,0.17882117882117882
1154,1154,10,5,5,1,rogerstanimoto,leaf,3,0.17882117882117882
430,430,10,5,5,1,rogerstanimoto,leaf,3,0.17882117882117882
760,760,10,5,15,1,sokalsneath,leaf,3,0.17882117882117882
864,864,10,5,5,1,sokalsneath,leaf,3,0.17882117882117882
829,829,10,5,10,1,rogerstanimoto,eom,3,0.17882117882117882
700,700,10,5,15,1,sokalsneath,leaf,3,0.17882117882117882
1037,1037,10,5,10,1,sokalsneath,leaf,3,0.17882117882117882
1351,1351,10,5,5,1,rogerstanimoto,leaf,3,0.17882117882117882
1043,1043,10,5,10,1,rogerstanimoto,leaf,3,0.17882117882117882
653,653,10,5,15,1,sokalsneath,leaf,3,0.17882117882117882
268,268,10,5,8,1,sokalsneath,leaf,3,0.17882117882117882
97,97,10,5,15,1,sokalsneath,leaf,3,0.17882117882117882
81,81,10,5,15,1,sokalsneath,eom,3,0.17882117882117882
520,520,10,5,15,1,sokalsneath,leaf,3,0.17882117882117882
1017,1017,10,5,5,1,sokalsneath,leaf,3,0.17882117882117882
962,962,10,5,10,1,sokalsneath,eom,3,0.17882117882117882
300,300,10,5,15,1,rogerstanimoto,leaf,3,0.17882117882117882
955,955,10,5,10,1,rogerstanimoto,leaf,3,0.17882117882117882
112,112,10,5,5,1,sokalsneath,leaf,3,0.17882117882117882
510,510,10,5,8,1,rogerstanimoto,leaf,3,0.17882117882117882
548,548,10,5,8,1,sokalsneath,eom,3,0.17882117882117882
990,990,10,5,8,1,rogerstanimoto,eom,3,0.17882117882117882
641,641,10,5,5,1,rogerstanimoto,eom,3,0.17882117882117882
1220,1220,10,5,15,3,rogerstanimoto,leaf,3,0.18981018981018982
306,306,10,5,5,3,rogerstanimoto,leaf,3,0.18981018981018982
742,742,10,5,5,3,sokalsneath,leaf,3,0.18981018981018982
769,769,10,5,5,3,rogerstanimoto,eom,3,0.18981018981018982
940,940,10,5,5,3,rogerstanimoto,leaf,3,0.18981018981018982
23,23,10,5,15,3,rogerstanimoto,eom,3,0.18981018981018982
80,80,10,5,5,3,sokalsneath,eom,3,0.18981018981018982
391,391,10,5,15,3,rogerstanimoto,leaf,3,0.18981018981018982
380,380,10,5,15,3,rogerstanimoto,eom,3,0.18981018981018982
801,801,10,5,8,3,sokalsneath,leaf,3,0.18981018981018982
592,592,10,5,10,3,sokalsneath,leaf,3,0.18981018981018982
1205,1205,10,5,15,3,sokalsneath,eom,3,0.18981018981018982
285,285,10,5,8,3,sokalsneath,eom,3,0.18981018981018982
10,10,10,5,15,3,rogerstanimoto,leaf,3,0.18981018981018982
320,320,10,5,10,3,sokalsneath,leaf,3,0.18981018981018982
249,249,10,5,15,3,sokalsneath,leaf,3,0.18981018981018982
1367,1367,10,5,5,3,rogerstanimoto,leaf,3,0.18981018981018982
56,56,10,5,5,3,sokalsneath,eom,3,0.18981018981018982
1091,1091,10,5,10,3,sokalsneath,leaf,3,0.18981018981018982
1080,1080,10,5,15,3,rogerstanimoto,eom,3,0.18981018981018982
1125,1125,10,5,8,3,rogerstanimoto,leaf,3,0.18981018981018982
238,238,10,5,8,3,sokalsneath,eom,3,0.18981018981018982
346,346,10,5,5,3,rogerstanimoto,leaf,3,0.18981018981018982
125,125,10,5,15,3,rogerstanimoto,leaf,3,0.18981018981018982
361,361,10,5,8,3,rogerstanimoto,eom,3,0.18981018981018982
681,681,10,5,5,3,sokalsneath,eom,3,0.18981018981018982
889,889,10,5,8,3,sokalsneath,leaf,3,0.18981018981018982
116,116,10,5,15,3,sokalsneath,leaf,3,0.18981018981018982
1289,1289,10,5,15,3,rogerstanimoto,leaf,3,0.18981018981018982
1228,1228,10,5,15,3,sokalsneath,eom,3,0.18981018981018982
1270,1270,10,12,5,1,manhattan,eom,268,0.2504995004995005
1335,1335,15,5,15,1,sokalsneath,eom,3,0.25399600399600397
479,479,15,5,10,1,rogerstanimoto,eom,3,0.25399600399600397
773,773,15,5,8,1,rogerstanimoto,leaf,3,0.25399600399600397
519,519,15,5,10,1,sokalsneath,leaf,3,0.25399600399600397
593,593,15,5,5,1,rogerstanimoto,eom,3,0.25399600399600397
640,640,15,5,10,1,sokalsneath,eom,3,0.25399600399600397
552,552,15,5,8,1,rogerstanimoto,leaf,3,0.25399600399600397
633,633,15,5,15,1,rogerstanimoto,leaf,3,0.25399600399600397
790,790,15,5,15,1,rogerstanimoto,eom,3,0.25399600399600397
1303,1303,15,5,15,1,rogerstanimoto,eom,3,0.25399600399600397
968,968,15,5,10,1,sokalsneath,eom,3,0.25399600399600397
1478,1478,15,5,10,1,sokalsneath,eom,3,0.25399600399600397
1073,1073,15,5,8,1,sokalsneath,eom,3,0.25399600399600397
1451,1451,15,5,5,1,rogerstanimoto,eom,3,0.25399600399600397
158,158,15,5,8,1,sokalsneath,eom,3,0.25399600399600397
1109,1109,15,5,10,1,rogerstanimoto,leaf,3,0.25399600399600397
1041,1041,15,5,8,1,sokalsneath,eom,3,0.25399600399600397
1280,1280,15,5,8,1,rogerstanimoto,eom,3,0.25399600399600397
152,152,15,5,5,1,rogerstanimoto,leaf,3,0.25399600399600397
109,109,15,5,15,1,rogerstanimoto,leaf,3,0.25399600399600397
72,72,15,5,15,1,rogerstanimoto,leaf,3,0.25399600399600397
838,838,15,5,10,1,rogerstanimoto,leaf,3,0.25399600399600397
135,135,15,5,5,1,sokalsneath,leaf,3,0.25399600399600397
110,110,15,5,5,1,sokalsneath,leaf,3,0.25399600399600397
1215,1215,15,5,10,1,rogerstanimoto,eom,3,0.25399600399600397
1164,1164,15,5,15,1,rogerstanimoto,eom,3,0.25399600399600397
69,69,10,8,5,1,manhattan,eom,271,0.280969030969031
293,293,10,8,5,1,manhattan,eom,271,0.280969030969031
417,417,10,12,5,1,euclidean,eom,269,0.28121878121878124
1065,1065,10,5,5,1,manhattan,eom,271,0.28346653346653344
1310,1310,10,8,5,1,euclidean,eom,270,0.2904595404595405
1204,1204,15,5,5,1,manhattan,eom,238,0.2904595404595405
231,231,15,5,5,1,manhattan,eom,238,0.2904595404595405
1231,1231,10,8,5,1,euclidean,eom,270,0.2904595404595405
272,272,15,5,5,1,manhattan,eom,238,0.2904595404595405
1476,1476,15,5,5,1,manhattan,eom,238,0.2904595404595405
590,590,10,8,5,1,euclidean,eom,270,0.2904595404595405
194,194,15,8,5,1,euclidean,eom,240,0.3026973026973027
1055,1055,15,12,5,1,manhattan,eom,252,0.30394605394605395
347,347,15,12,5,1,manhattan,eom,252,0.30394605394605395
251,251,15,8,5,1,manhattan,eom,241,0.3076923076923077
1463,1463,10,5,8,1,euclidean,eom,149,0.3081918081918082
1146,1146,10,5,8,1,euclidean,eom,149,0.3081918081918082
568,568,10,5,8,1,euclidean,eom,149,0.3081918081918082
1249,1249,10,5,8,1,euclidean,eom,149,0.3081918081918082
338,338,15,5,5,1,euclidean,eom,253,0.30994005994005996
491,491,15,5,5,1,euclidean,eom,253,0.30994005994005996
745,745,15,5,5,1,euclidean,eom,253,0.30994005994005996
865,865,10,5,8,1,manhattan,eom,147,0.31093906093906093
241,241,10,5,8,1,manhattan,eom,147,0.31093906093906093
1487,1487,10,5,8,1,manhattan,eom,147,0.31093906093906093
54,54,15,12,5,1,euclidean,eom,241,0.3126873126873127
972,972,15,12,5,1,euclidean,eom,241,0.3126873126873127
672,672,15,12,5,1,euclidean,eom,241,0.3126873126873127
550,550,15,12,5,1,euclidean,eom,241,0.3126873126873127
489,489,10,5,10,1,euclidean,eom,110,0.3166833166833167
360,360,10,5,10,1,euclidean,eom,110,0.3166833166833167
1257,1257,10,8,8,1,manhattan,eom,144,0.3174325674325674
52,52,10,8,8,1,manhattan,eom,144,0.3174325674325674
682,682,10,8,8,1,manhattan,eom,144,0.3174325674325674
676,676,10,8,8,1,manhattan,eom,144,0.3174325674325674
1277,1277,10,12,8,1,euclidean,eom,153,0.31843156843156845
1009,1009,10,12,8,1,euclidean,eom,153,0.31843156843156845
1378,1378,15,12,8,1,euclidean,eom,133,0.31868131868131866
983,983,15,12,8,1,euclidean,eom,133,0.31868131868131866
1489,1489,10,8,8,1,euclidean,eom,151,0.31993006993006995
1161,1161,10,8,8,1,euclidean,eom,151,0.31993006993006995
100,100,15,5,8,1,manhattan,eom,151,0.3209290709290709
993,993,20,5,5,1,euclidean,eom,244,0.3229270729270729
0,0,20,5,5,1,euclidean,eom,244,0.3229270729270729
738,738,20,5,5,1,euclidean,eom,244,0.3229270729270729
556,556,10,5,5,1,euclidean,leaf,312,0.3244255744255744
149,149,10,5,5,1,euclidean,leaf,312,0.3244255744255744
618,618,15,12,8,1,manhattan,eom,134,0.3244255744255744
368,368,20,12,5,1,manhattan,eom,235,0.3244255744255744
325,325,10,8,10,1,manhattan,eom,110,0.3246753246753247
645,645,10,8,10,1,manhattan,eom,110,0.3246753246753247
1423,1423,10,8,10,1,manhattan,eom,110,0.3246753246753247
842,842,10,8,10,1,manhattan,eom,110,0.3246753246753247
782,782,10,8,5,1,euclidean,leaf,292,0.32492507492507494
1447,1447,10,8,5,1,euclidean,leaf,292,0.32492507492507494
861,861,10,8,5,1,euclidean,leaf,292,0.32492507492507494
755,755,10,8,5,1,euclidean,leaf,292,0.32492507492507494
960,960,10,8,5,3,sokalsneath,eom,3,0.3259240759240759
1126,1126,10,8,8,3,rogerstanimoto,leaf,3,0.3259240759240759
710,710,10,8,8,3,sokalsneath,eom,3,0.3259240759240759
335,335,10,8,15,3,sokalsneath,leaf,3,0.3259240759240759
181,181,10,8,10,3,rogerstanimoto,eom,3,0.3259240759240759
583,583,10,8,10,3,sokalsneath,leaf,3,0.3259240759240759
581,581,10,8,15,3,rogerstanimoto,leaf,3,0.3259240759240759
1042,1042,10,8,5,3,sokalsneath,leaf,3,0.3259240759240759
567,567,10,8,8,3,sokalsneath,eom,3,0.3259240759240759
863,863,10,8,10,3,sokalsneath,leaf,3,0.3259240759240759
553,553,10,8,15,3,rogerstanimoto,eom,3,0.3259240759240759
845,845,10,8,10,3,sokalsneath,leaf,3,0.3259240759240759
595,595,10,8,10,3,sokalsneath,leaf,3,0.3259240759240759
208,208,10,8,8,3,rogerstanimoto,eom,3,0.3259240759240759
383,383,10,8,10,3,sokalsneath,leaf,3,0.3259240759240759
260,260,10,8,5,3,rogerstanimoto,eom,3,0.3259240759240759
26,26,10,8,8,3,sokalsneath,leaf,3,0.3259240759240759
824,824,10,8,5,3,sokalsneath,leaf,3,0.3259240759240759
8,8,10,8,8,3,sokalsneath,leaf,3,0.3259240759240759
1347,1347,10,8,5,3,sokalsneath,eom,3,0.3259240759240759
939,939,10,8,15,3,rogerstanimoto,eom,3,0.3259240759240759
352,352,10,8,5,3,sokalsneath,eom,3,0.3259240759240759
406,406,10,8,5,3,rogerstanimoto,eom,3,0.3259240759240759
15,15,10,8,5,3,sokalsneath,eom,3,0.3259240759240759
405,405,20,8,8,1,euclidean,eom,130,0.3261738261738262
1467,1467,10,12,10,1,manhattan,eom,113,0.32667332667332666
1096,1096,10,12,10,1,manhattan,eom,113,0.32667332667332666
314,314,15,5,8,1,euclidean,eom,143,0.3306693306693307
1177,1177,10,12,5,1,manhattan,leaf,303,0.3321678321678322
602,602,20,5,15,1,manhattan,eom,57,0.3321678321678322
225,225,10,12,5,1,manhattan,leaf,303,0.3321678321678322
333,333,10,12,8,3,rogerstanimoto,eom,3,0.3324175824175824
375,375,10,12,5,3,rogerstanimoto,eom,3,0.3324175824175824
394,394,10,12,10,3,rogerstanimoto,eom,3,0.3324175824175824
24,24,10,12,15,3,sokalsneath,eom,3,0.3324175824175824
1184,1184,10,12,15,3,rogerstanimoto,leaf,3,0.3324175824175824
185,185,10,12,5,3,rogerstanimoto,leaf,3,0.3324175824175824
483,483,10,12,8,3,rogerstanimoto,eom,3,0.3324175824175824
1391,1391,10,12,5,3,sokalsneath,leaf,3,0.3324175824175824
1148,1148,10,12,15,3,rogerstanimoto,eom,3,0.3324175824175824
47,47,10,12,15,3,sokalsneath,leaf,3,0.3324175824175824
540,540,10,12,5,3,sokalsneath,eom,3,0.3324175824175824
808,808,10,12,15,3,rogerstanimoto,eom,3,0.3324175824175824
312,312,10,12,15,3,rogerstanimoto,eom,3,0.3324175824175824
91,91,10,12,5,3,sokalsneath,leaf,3,0.3324175824175824
299,299,10,12,10,3,rogerstanimoto,leaf,3,0.3324175824175824
1337,1337,10,12,5,3,rogerstanimoto,leaf,3,0.3324175824175824
94,94,10,12,15,3,rogerstanimoto,leaf,3,0.3324175824175824
157,157,10,12,10,3,sokalsneath,leaf,3,0.3324175824175824
1046,1046,10,12,15,3,sokalsneath,eom,3,0.3324175824175824
951,951,10,12,8,3,rogerstanimoto,eom,3,0.3324175824175824
722,722,10,12,8,3,rogerstanimoto,eom,3,0.3324175824175824
964,964,10,12,15,3,rogerstanimoto,leaf,3,0.3324175824175824
1456,1456,10,12,10,3,rogerstanimoto,leaf,3,0.3324175824175824
307,307,10,12,5,3,sokalsneath,eom,3,0.3324175824175824
941,941,10,5,5,1,manhattan,leaf,304,0.33316683316683315
108,108,10,5,5,1,manhattan,leaf,304,0.33316683316683315
1050,1050,10,5,5,1,manhattan,leaf,304,0.33316683316683315
1106,1106,10,5,5,1,manhattan,leaf,304,0.33316683316683315
1176,1176,10,5,10,1,manhattan,eom,116,0.3344155844155844
1030,1030,10,12,5,1,euclidean,leaf,307,0.33466533466533466
733,733,15,8,10,1,manhattan,eom,95,0.33516483516483514
1168,1168,10,5,15,1,manhattan,eom,71,0.33516483516483514
265,265,10,5,15,1,manhattan,eom,71,0.33516483516483514
1268,1268,15,8,10,1,manhattan,eom,95,0.33516483516483514
153,153,20,5,8,1,manhattan,eom,126,0.3371628371628372
274,274,20,5,8,1,manhattan,eom,126,0.3371628371628372
944,944,20,8,8,1,manhattan,eom,122,0.3384115884115884
1259,1259,20,8,8,1,manhattan,eom,122,0.3384115884115884
437,437,10,8,5,1,manhattan,leaf,298,0.33916083916083917
587,587,10,8,5,1,manhattan,leaf,298,0.33916083916083917
407,407,10,12,8,5,sokalsneath,leaf,3,0.33966033966033965
107,107,10,12,10,5,sokalsneath,leaf,3,0.33966033966033965
1183,1183,10,12,8,5,sokalsneath,leaf,3,0.33966033966033965
946,946,10,12,15,5,rogerstanimoto,eom,3,0.33966033966033965
797,797,10,12,15,5,rogerstanimoto,leaf,3,0.33966033966033965
826,826,10,12,10,5,rogerstanimoto,leaf,3,0.33966033966033965
363,363,10,12,5,5,sokalsneath,eom,3,0.33966033966033965
1163,1163,10,12,10,5,rogerstanimoto,leaf,3,0.33966033966033965
376,376,10,12,15,5,rogerstanimoto,eom,3,0.33966033966033965
124,124,10,12,15,5,rogerstanimoto,eom,3,0.33966033966033965
4,4,10,12,5,5,rogerstanimoto,leaf,3,0.33966033966033965
1297,1297,10,12,8,5,sokalsneath,eom,3,0.33966033966033965
1465,1465,10,12,8,5,rogerstanimoto,eom,3,0.33966033966033965
635,635,10,12,10,5,sokalsneath,leaf,3,0.33966033966033965
688,688,10,12,10,5,rogerstanimoto,leaf,3,0.33966033966033965
439,439,10,12,5,5,rogerstanimoto,eom,3,0.33966033966033965
1244,1244,10,12,15,5,rogerstanimoto,leaf,3,0.33966033966033965
1360,1360,10,12,8,5,sokalsneath,eom,3,0.33966033966033965
867,867,10,12,8,5,sokalsneath,leaf,3,0.33966033966033965
528,528,10,12,15,5,sokalsneath,eom,3,0.33966033966033965
1356,1356,10,12,15,5,rogerstanimoto,leaf,3,0.33966033966033965
713,713,10,12,8,5,rogerstanimoto,eom,3,0.33966033966033965
60,60,10,12,15,5,rogerstanimoto,eom,3,0.33966033966033965
1288,1288,10,12,15,5,rogerstanimoto,eom,3,0.33966033966033965
506,506,10,12,15,5,sokalsneath,eom,3,0.33966033966033965
852,852,10,12,5,5,rogerstanimoto,leaf,3,0.33966033966033965
1327,1327,10,12,15,5,rogerstanimoto,leaf,3,0.33966033966033965
1246,1246,10,12,5,5,rogerstanimoto,leaf,3,0.33966033966033965
492,492,10,12,15,5,rogerstanimoto,eom,3,0.33966033966033965
1118,1118,10,12,8,5,sokalsneath,leaf,3,0.33966033966033965
1011,1011,10,12,15,5,rogerstanimoto,eom,3,0.33966033966033965
1403,1403,10,12,5,5,rogerstanimoto,leaf,3,0.33966033966033965
841,841,10,12,5,5,sokalsneath,eom,3,0.33966033966033965
779,779,10,12,5,5,rogerstanimoto,eom,3,0.33966033966033965
1275,1275,10,12,5,5,sokalsneath,leaf,3,0.33966033966033965
999,999,10,12,15,5,sokalsneath,leaf,3,0.33966033966033965
462,462,10,12,10,5,rogerstanimoto,leaf,3,0.33966033966033965
1326,1326,10,12,8,5,rogerstanimoto,eom,3,0.33966033966033965
32,32,10,12,8,5,sokalsneath,eom,3,0.33966033966033965
296,296,10,12,5,5,sokalsneath,leaf,3,0.33966033966033965
1434,1434,10,12,8,5,sokalsneath,leaf,3,0.33966033966033965
748,748,20,8,10,1,manhattan,eom,95,0.3414085914085914
1090,1090,20,8,10,1,manhattan,eom,95,0.3414085914085914
1213,1213,20,8,10,1,manhattan,eom,95,0.3414085914085914
860,860,15,12,10,1,euclidean,eom,110,0.34315684315684314
812,812,10,8,15,1,manhattan,eom,66,0.3436563436563437
1209,1209,10,12,10,1,euclidean,eom,113,0.3436563436563437
1304,1304,10,8,15,1,manhattan,eom,66,0.3436563436563437
444,444,10,8,15,1,manhattan,eom,66,0.3436563436563437
366,366,10,12,8,1,manhattan,leaf,166,0.3449050949050949
1453,1453,10,12,8,1,manhattan,leaf,166,0.3449050949050949
1435,1435,10,12,8,1,manhattan,leaf,166,0.3449050949050949
724,724,15,5,10,1,euclidean,eom,103,0.34615384615384615
679,679,20,5,8,1,euclidean,eom,140,0.34715284715284717
448,448,20,5,8,1,euclidean,eom,140,0.34715284715284717
1194,1194,20,5,8,1,euclidean,eom,140,0.34715284715284717
103,103,20,5,10,1,manhattan,eom,91,0.3479020979020979
905,905,20,5,10,1,manhattan,eom,91,0.3479020979020979
1322,1322,20,5,10,1,manhattan,eom,91,0.3479020979020979
232,232,20,12,15,1,manhattan,eom,55,0.34815184815184813
765,765,20,12,15,1,manhattan,eom,55,0.34815184815184813
392,392,20,12,15,1,manhattan,eom,55,0.34815184815184813
533,533,20,12,15,1,manhattan,eom,55,0.34815184815184813
1235,1235,15,8,10,1,euclidean,eom,98,0.34865134865134867
664,664,15,8,10,1,euclidean,eom,98,0.34865134865134867
75,75,20,5,5,1,manhattan,eom,254,0.3513986013986014
22,22,20,5,5,1,manhattan,eom,254,0.3513986013986014
115,115,10,12,15,1,euclidean,eom,63,0.3531468531468531
928,928,10,12,15,1,euclidean,eom,63,0.3531468531468531
1315,1315,10,12,15,1,euclidean,eom,63,0.3531468531468531
486,486,15,8,15,1,manhattan,eom,64,0.3533966033966034
881,881,10,12,15,1,manhattan,eom,67,0.35414585414585414
1128,1128,15,12,15,1,euclidean,eom,69,0.3543956043956044
813,813,20,8,15,1,manhattan,eom,61,0.3543956043956044
432,432,20,8,15,1,manhattan,eom,61,0.3543956043956044
470,470,20,8,15,1,manhattan,eom,61,0.3543956043956044
1001,1001,15,12,15,1,euclidean,eom,69,0.3543956043956044
1105,1105,20,8,15,1,manhattan,eom,61,0.3543956043956044
631,631,15,12,5,1,manhattan,leaf,283,0.35564435564435565
189,189,15,12,5,1,manhattan,leaf,283,0.35564435564435565
203,203,20,12,8,1,euclidean,eom,139,0.35714285714285715
675,675,10,8,15,1,euclidean,eom,68,0.3578921078921079
649,649,10,8,15,1,euclidean,eom,68,0.3578921078921079
1022,1022,15,5,5,1,euclidean,leaf,285,0.35864135864135865
936,936,15,5,5,1,euclidean,leaf,285,0.35864135864135865
539,539,15,5,5,1,euclidean,leaf,285,0.35864135864135865
1328,1328,15,5,5,1,euclidean,leaf,285,0.35864135864135865
89,89,15,5,5,1,euclidean,leaf,285,0.35864135864135865
555,555,20,12,15,1,euclidean,eom,56,0.36013986013986016
1089,1089,20,12,15,1,euclidean,eom,56,0.36013986013986016
148,148,20,12,15,1,euclidean,eom,56,0.36013986013986016
16,16,20,8,10,1,euclidean,eom,102,0.36063936063936064
137,137,20,8,10,1,euclidean,eom,102,0.36063936063936064
1284,1284,10,5,5,3,euclidean,eom,180,0.3608891108891109
35,35,15,5,8,1,manhattan,leaf,165,0.3691308691308691
451,451,15,5,8,1,manhattan,leaf,165,0.3691308691308691
364,364,15,5,8,1,manhattan,leaf,165,0.3691308691308691
480,480,20,8,5,1,euclidean,leaf,263,0.3693806193806194
301,301,20,8,5,1,euclidean,leaf,263,0.3693806193806194
1323,1323,20,8,5,1,euclidean,leaf,263,0.3693806193806194
246,246,20,8,5,1,euclidean,leaf,263,0.3693806193806194
740,740,20,8,5,1,euclidean,leaf,263,0.3693806193806194
566,566,10,8,15,5,rogerstanimoto,eom,3,0.3696303696303696
210,210,10,12,8,1,rogerstanimoto,eom,3,0.3696303696303696
1254,1254,10,12,5,1,rogerstanimoto,leaf,3,0.3696303696303696
766,766,10,8,5,5,rogerstanimoto,eom,3,0.3696303696303696
1336,1336,10,8,10,5,sokalsneath,eom,3,0.3696303696303696
1010,1010,10,12,15,1,sokalsneath,eom,3,0.3696303696303696
1409,1409,10,8,8,5,rogerstanimoto,eom,3,0.3696303696303696
1331,1331,10,8,5,5,rogerstanimoto,eom,3,0.3696303696303696
270,270,10,8,8,5,rogerstanimoto,eom,3,0.3696303696303696
90,90,10,12,8,1,sokalsneath,leaf,3,0.3696303696303696
1028,1028,10,12,10,1,rogerstanimoto,eom,3,0.3696303696303696
1040,1040,10,8,15,5,sokalsneath,eom,3,0.3696303696303696
1066,1066,10,12,5,1,sokalsneath,eom,3,0.3696303696303696
694,694,10,8,15,5,sokalsneath,eom,3,0.3696303696303696
735,735,10,12,5,1,sokalsneath,eom,3,0.3696303696303696
321,321,10,8,8,5,sokalsneath,leaf,3,0.3696303696303696
113,113,10,8,8,5,sokalsneath,eom,3,0.3696303696303696
979,979,10,12,8,1,rogerstanimoto,eom,3,0.3696303696303696
1285,1285,10,12,5,1,sokalsneath,eom,3,0.3696303696303696
1286,1286,10,12,5,1,sokalsneath,eom,3,0.3696303696303696
1373,1373,10,12,5,1,sokalsneath,leaf,3,0.3696303696303696
1276,1276,10,8,10,5,sokalsneath,leaf,3,0.3696303696303696
876,876,10,8,10,5,rogerstanimoto,eom,3,0.3696303696303696
866,866,10,12,8,1,sokalsneath,eom,3,0.3696303696303696
1294,1294,10,12,10,1,rogerstanimoto,leaf,3,0.3696303696303696
904,904,10,8,5,5,sokalsneath,leaf,3,0.3696303696303696
143,143,10,12,10,1,sokalsneath,leaf,3,0.3696303696303696
190,190,10,12,15,1,sokalsneath,eom,3,0.3696303696303696
554,554,10,8,5,5,rogerstanimoto,leaf,3,0.3696303696303696
1343,1343,10,12,5,1,rogerstanimoto,leaf,3,0.3696303696303696
958,958,10,12,10,1,sokalsneath,eom,3,0.3696303696303696
204,204,10,12,10,1,sokalsneath,leaf,3,0.3696303696303696
789,789,10,12,15,1,sokalsneath,leaf,3,0.3696303696303696
785,785,10,8,15,5,sokalsneath,leaf,3,0.3696303696303696
604,604,10,12,8,1,rogerstanimoto,eom,3,0.3696303696303696
799,799,10,8,5,5,rogerstanimoto,leaf,3,0.3696303696303696
538,538,10,8,10,5,sokalsneath,eom,3,0.3696303696303696
239,239,10,12,5,1,rogerstanimoto,eom,3,0.3696303696303696
1088,1088,10,8,10,5,rogerstanimoto,leaf,3,0.3696303696303696
27,27,10,8,8,5,rogerstanimoto,leaf,3,0.3696303696303696
46,46,10,8,8,5,sokalsneath,leaf,3,0.3696303696303696
415,415,10,12,10,1,sokalsneath,eom,3,0.3696303696303696
1394,1394,10,8,15,5,sokalsneath,leaf,3,0.3696303696303696
1397,1397,10,12,15,1,rogerstanimoto,leaf,3,0.3696303696303696
1390,1390,10,8,15,5,sokalsneath,eom,3,0.3696303696303696
1144,1144,10,8,5,5,sokalsneath,leaf,3,0.3696303696303696
6,6,10,12,8,1,rogerstanimoto,leaf,3,0.3696303696303696
374,374,10,8,15,5,rogerstanimoto,leaf,3,0.3696303696303696
1402,1402,10,12,15,1,sokalsneath,leaf,3,0.3696303696303696
1081,1081,10,8,15,5,sokalsneath,eom,3,0.3696303696303696
1111,1111,10,8,8,5,sokalsneath,eom,3,0.3696303696303696
445,445,10,12,8,1,sokalsneath,eom,3,0.3696303696303696
1208,1208,10,8,15,5,rogerstanimoto,eom,3,0.3696303696303696
1201,1201,10,8,10,5,rogerstanimoto,eom,3,0.3696303696303696
313,313,10,5,5,5,rogerstanimoto,leaf,3,0.3708791208791209
943,943,10,5,8,5,rogerstanimoto,leaf,3,0.3708791208791209
142,142,20,8,5,5,sokalsneath,eom,3,0.3708791208791209
582,582,20,8,10,5,sokalsneath,leaf,3,0.3708791208791209
580,580,10,5,10,5,rogerstanimoto,leaf,3,0.3708791208791209
1122,1122,10,5,8,5,rogerstanimoto,eom,3,0.3708791208791209
305,305,10,5,10,5,sokalsneath,eom,3,0.3708791208791209
302,302,10,5,5,5,sokalsneath,leaf,3,0.3708791208791209
447,447,10,5,10,5,sokalsneath,leaf,3,0.3708791208791209
1357,1357,10,5,8,5,sokalsneath,eom,3,0.3708791208791209
868,868,10,5,8,5,rogerstanimoto,eom,3,0.3708791208791209
571,571,10,5,15,5,rogerstanimoto,leaf,3,0.3708791208791209
160,160,20,8,5,5,sokalsneath,eom,3,0.3708791208791209
1415,1415,20,8,5,5,sokalsneath,leaf,3,0.3708791208791209
802,802,10,5,8,5,rogerstanimoto,leaf,3,0.3708791208791209
176,176,10,5,10,5,rogerstanimoto,leaf,3,0.3708791208791209
1324,1324,20,8,10,5,rogerstanimoto,eom,3,0.3708791208791209
1214,1214,20,8,5,5,rogerstanimoto,eom,3,0.3708791208791209
237,237,20,8,15,5,rogerstanimoto,eom,3,0.3708791208791209
703,703,20,8,15,5,sokalsneath,eom,3,0.3708791208791209
1203,1203,20,8,15,5,rogerstanimoto,leaf,3,0.3708791208791209
716,716,10,5,8,5,sokalsneath,leaf,3,0.3708791208791209
717,717,20,8,8,5,rogerstanimoto,eom,3,0.3708791208791209
718,718,10,5,8,5,sokalsneath,eom,3,0.3708791208791209
1193,1193,10,5,8,5,rogerstanimoto,leaf,3,0.3708791208791209
1320,1320,20,8,5,5,sokalsneath,leaf,3,0.3708791208791209
261,261,20,8,8,5,sokalsneath,eom,3,0.3708791208791209
372,372,10,5,8,5,sokalsneath,eom,3,0.3708791208791209
370,370,20,8,8,5,rogerstanimoto,leaf,3,0.3708791208791209
643,643,10,5,10,5,sokalsneath,leaf,3,0.3708791208791209
776,776,10,5,15,5,rogerstanimoto,eom,3,0.3708791208791209
1179,1179,20,8,5,5,sokalsneath,leaf,3,0.3708791208791209
413,413,20,8,10,5,sokalsneath,eom,3,0.3708791208791209
1162,1162,10,5,5,5,rogerstanimoto,eom,3,0.3708791208791209
609,609,10,5,8,5,rogerstanimoto,leaf,3,0.3708791208791209
594,594,10,5,15,5,sokalsneath,eom,3,0.3708791208791209
1385,1385,10,5,10,5,sokalsneath,eom,3,0.3708791208791209
883,883,10,5,15,5,sokalsneath,leaf,3,0.3708791208791209
1063,1063,20,8,5,5,rogerstanimoto,leaf,3,0.3708791208791209
503,503,10,5,10,5,rogerstanimoto,eom,3,0.3708791208791209
478,478,10,5,10,5,rogerstanimoto,leaf,3,0.3708791208791209
1260,1260,10,5,15,5,rogerstanimoto,leaf,3,0.3708791208791209
1024,1024,20,8,5,5,rogerstanimoto,eom,3,0.3708791208791209
463,463,20,8,10,5,sokalsneath,eom,3,0.3708791208791209
319,319,10,5,5,5,rogerstanimoto,eom,3,0.3708791208791209
992,992,10,5,15,5,sokalsneath,leaf,3,0.3708791208791209
1064,1064,20,8,8,5,sokalsneath,leaf,3,0.3708791208791209
77,77,10,5,5,5,sokalsneath,eom,3,0.3708791208791209
1468,1468,10,5,5,5,sokalsneath,leaf,3,0.3708791208791209
1369,1369,20,8,15,5,rogerstanimoto,eom,3,0.3708791208791209
988,988,10,5,5,5,sokalsneath,eom,3,0.3708791208791209
1060,1060,10,5,8,5,rogerstanimoto,eom,3,0.3708791208791209
1261,1261,20,8,5,5,sokalsneath,leaf,3,0.3708791208791209
87,87,20,8,10,5,rogerstanimoto,leaf,3,0.3708791208791209
1313,1313,15,8,5,1,euclidean,leaf,283,0.3711288711288711
793,793,15,8,5,1,euclidean,leaf,283,0.3711288711288711
763,763,10,5,8,1,euclidean,leaf,167,0.3743756243756244
1437,1437,10,5,8,1,euclidean,leaf,167,0.3743756243756244
397,397,15,5,15,1,euclidean,eom,65,0.3756243756243756
411,411,15,8,15,3,euclidean,eom,41,0.3761238761238761
1252,1252,10,8,8,1,euclidean,leaf,172,0.37687312687312685
913,913,10,8,8,1,euclidean,leaf,172,0.37687312687312685
425,425,15,8,5,1,manhattan,leaf,284,0.3776223776223776
804,804,15,12,8,1,euclidean,leaf,155,0.3803696303696304
1291,1291,15,12,8,1,euclidean,leaf,155,0.3803696303696304
1242,1242,15,12,8,1,euclidean,leaf,155,0.3803696303696304
1264,1264,10,8,8,3,manhattan,eom,106,0.3826173826173826
771,771,10,8,8,3,manhattan,eom,106,0.3826173826173826
551,551,10,8,8,1,manhattan,leaf,166,0.38311688311688313
456,456,10,8,8,1,manhattan,leaf,166,0.38311688311688313
1142,1142,20,5,5,1,manhattan,leaf,273,0.3838661338661339
18,18,20,5,5,1,manhattan,leaf,273,0.3838661338661339
1072,1072,10,8,15,3,manhattan,eom,48,0.3841158841158841
316,316,10,5,8,1,manhattan,leaf,170,0.3841158841158841
1292,1292,10,8,15,3,manhattan,eom,48,0.3841158841158841
29,29,10,5,8,1,manhattan,leaf,170,0.3841158841158841
485,485,10,5,8,1,manhattan,leaf,170,0.3841158841158841
655,655,15,12,5,1,euclidean,leaf,281,0.38436563436563437
950,950,15,12,5,1,euclidean,leaf,281,0.38436563436563437
887,887,15,12,5,1,euclidean,leaf,281,0.38436563436563437
823,823,15,12,5,1,euclidean,leaf,281,0.38436563436563437
214,214,10,12,10,1,manhattan,leaf,127,0.38436563436563437
894,894,10,5,10,1,manhattan,leaf,126,0.38636363636363635
613,613,10,5,10,1,manhattan,leaf,126,0.38636363636363635
1493,1493,10,5,10,1,manhattan,leaf,126,0.38636363636363635
441,441,10,5,10,1,manhattan,leaf,126,0.38636363636363635
711,711,10,12,8,1,euclidean,leaf,172,0.3881118881118881
603,603,20,12,10,1,euclidean,eom,102,0.3886113886113886
1054,1054,20,12,10,1,euclidean,eom,102,0.3886113886113886
118,118,15,8,15,1,euclidean,eom,62,0.3886113886113886
324,324,15,8,15,1,euclidean,eom,62,0.3886113886113886
1112,1112,15,8,15,1,euclidean,eom,62,0.3886113886113886
970,970,10,5,10,1,euclidean,leaf,124,0.3888611388611389
858,858,10,5,10,1,euclidean,leaf,124,0.3888611388611389
1450,1450,15,12,5,3,manhattan,eom,146,0.39085914085914086
921,921,15,12,5,3,manhattan,eom,146,0.39085914085914086
257,257,10,12,5,3,euclidean,eom,177,0.39135864135864135
5,5,10,12,5,3,euclidean,eom,177,0.39135864135864135
762,762,10,12,5,3,euclidean,eom,177,0.39135864135864135
1265,1265,10,8,5,3,euclidean,eom,185,0.3921078921078921
1488,1488,10,8,5,3,euclidean,eom,185,0.3921078921078921
1392,1392,10,8,5,3,euclidean,eom,185,0.3921078921078921
1160,1160,10,8,5,3,manhattan,eom,179,0.39285714285714285
647,647,10,8,5,3,manhattan,eom,179,0.39285714285714285
547,547,10,5,10,3,euclidean,eom,84,0.3951048951048951
1239,1239,10,5,10,3,euclidean,eom,84,0.3951048951048951
428,428,10,5,10,3,euclidean,eom,84,0.3951048951048951
1121,1121,15,5,8,1,euclidean,leaf,166,0.3961038961038961
634,634,10,5,5,3,manhattan,eom,189,0.3971028971028971
689,689,10,5,5,3,manhattan,eom,189,0.3971028971028971
419,419,10,5,5,3,manhattan,eom,189,0.3971028971028971
1196,1196,15,5,10,1,manhattan,leaf,117,0.39760239760239763
692,692,15,5,10,1,manhattan,leaf,117,0.39760239760239763
358,358,20,8,5,1,manhattan,leaf,262,0.3983516483516483
1021,1021,10,5,15,3,manhattan,eom,56,0.3983516483516483
915,915,20,8,5,1,manhattan,leaf,262,0.3983516483516483
1173,1173,20,8,5,1,manhattan,leaf,262,0.3983516483516483
1346,1346,10,5,15,3,manhattan,eom,56,0.3983516483516483
1348,1348,10,5,15,3,manhattan,eom,56,0.3983516483516483
1129,1129,10,8,10,1,euclidean,leaf,130,0.3991008991008991
426,426,10,8,10,1,euclidean,leaf,130,0.3991008991008991
1485,1485,20,8,15,1,euclidean,eom,67,0.39935064935064934
1375,1375,20,8,15,1,euclidean,eom,67,0.39935064935064934
637,637,20,8,15,1,euclidean,eom,67,0.39935064935064934
611,611,10,5,8,3,euclidean,eom,115,0.3996003996003996
1480,1480,20,12,5,1,euclidean,leaf,270,0.4000999000999001
847,847,20,12,5,1,euclidean,leaf,270,0.4000999000999001
1372,1372,20,12,5,1,euclidean,leaf,270,0.4000999000999001
202,202,20,12,5,1,manhattan,leaf,271,0.40234765234765235
727,727,10,12,5,3,manhattan,eom,193,0.40234765234765235
34,34,20,12,5,1,manhattan,leaf,271,0.40234765234765235
349,349,10,12,5,3,manhattan,eom,193,0.40234765234765235
884,884,10,5,15,1,euclidean,leaf,79,0.40384615384615385
859,859,10,5,15,1,euclidean,leaf,79,0.40384615384615385
1119,1119,10,5,15,1,euclidean,leaf,79,0.40384615384615385
757,757,20,5,8,1,euclidean,leaf,155,0.40684315684315686
357,357,10,8,10,3,manhattan,eom,79,0.4078421578421578
1191,1191,10,8,10,3,manhattan,eom,79,0.4078421578421578
976,976,10,12,8,3,euclidean,eom,109,0.4080919080919081
529,529,10,12,8,3,euclidean,eom,109,0.4080919080919081
466,466,15,5,8,5,manhattan,eom,67,0.4085914085914086
244,244,10,8,5,1,sokalsneath,eom,3,0.40984015984015987
542,542,10,8,10,1,rogerstanimoto,leaf,3,0.40984015984015987
704,704,10,8,5,1,rogerstanimoto,leaf,3,0.40984015984015987
1197,1197,10,8,8,1,sokalsneath,eom,3,0.40984015984015987
1101,1101,10,8,8,1,sokalsneath,leaf,3,0.40984015984015987
230,230,10,8,5,1,rogerstanimoto,eom,3,0.40984015984015987
1406,1406,10,8,5,1,sokalsneath,leaf,3,0.40984015984015987
423,423,10,8,5,1,rogerstanimoto,eom,3,0.40984015984015987
600,600,10,8,8,1,rogerstanimoto,eom,3,0.40984015984015987
949,949,10,8,15,1,rogerstanimoto,leaf,3,0.40984015984015987
155,155,10,8,10,1,rogerstanimoto,eom,3,0.40984015984015987
628,628,10,8,15,1,sokalsneath,leaf,3,0.40984015984015987
219,219,10,8,5,1,sokalsneath,leaf,3,0.40984015984015987
788,788,10,8,8,1,rogerstanimoto,eom,3,0.40984015984015987
1107,1107,10,8,8,1,sokalsneath,eom,3,0.40984015984015987
1243,1243,10,8,10,1,sokalsneath,eom,3,0.40984015984015987
1309,1309,10,8,10,1,rogerstanimoto,eom,3,0.40984015984015987
650,650,10,8,8,1,rogerstanimoto,eom,3,0.40984015984015987
67,67,10,8,8,1,sokalsneath,leaf,3,0.40984015984015987
827,827,10,8,10,1,rogerstanimoto,eom,3,0.40984015984015987
79,79,10,8,8,1,sokalsneath,leaf,3,0.40984015984015987
1032,1032,10,8,5,1,sokalsneath,eom,3,0.40984015984015987
96,96,10,8,8,1,sokalsneath,leaf,3,0.40984015984015987
1486,1486,10,8,8,1,sokalsneath,eom,3,0.40984015984015987
82,82,10,8,15,1,sokalsneath,eom,3,0.40984015984015987
605,605,15,8,15,1,euclidean,leaf,67,0.4100899100899101
461,461,15,12,10,1,euclidean,leaf,128,0.4110889110889111
1497,1497,10,8,15,1,euclidean,leaf,77,0.4115884115884116
1067,1067,15,8,8,1,euclidean,leaf,156,0.41383616383616384
1405,1405,15,8,8,1,euclidean,leaf,156,0.41383616383616384
784,784,15,8,8,1,euclidean,leaf,156,0.41383616383616384
1216,1216,15,8,8,1,euclidean,leaf,156,0.41383616383616384
756,756,15,8,8,1,euclidean,leaf,156,0.41383616383616384
1083,1083,15,12,8,1,manhattan,leaf,159,0.4140859140859141
161,161,15,12,8,1,manhattan,leaf,159,0.4140859140859141
1368,1368,15,12,8,1,manhattan,leaf,159,0.4140859140859141
561,561,15,12,8,1,manhattan,leaf,159,0.4140859140859141
460,460,20,8,8,1,euclidean,leaf,154,0.4145854145854146
1198,1198,20,8,8,1,euclidean,leaf,154,0.4145854145854146
228,228,20,8,8,1,euclidean,leaf,154,0.4145854145854146
1218,1218,20,5,8,1,manhattan,leaf,143,0.41533466533466534
130,130,10,5,15,1,manhattan,leaf,79,0.4160839160839161
959,959,20,8,5,3,euclidean,eom,142,0.4163336663336663
530,530,20,8,5,3,euclidean,eom,142,0.4163336663336663
278,278,15,12,10,1,manhattan,leaf,125,0.41733266733266733
186,186,10,5,8,3,manhattan,eom,107,0.4175824175824176
1134,1134,10,5,8,3,manhattan,eom,107,0.4175824175824176
207,207,10,5,8,3,manhattan,eom,107,0.4175824175824176
336,336,10,12,10,3,euclidean,eom,88,0.4178321678321678
686,686,10,12,10,3,euclidean,eom,88,0.4178321678321678
344,344,10,12,10,3,euclidean,eom,88,0.4178321678321678
1433,1433,15,5,10,5,manhattan,eom,52,0.4195804195804196
606,606,10,8,8,3,euclidean,eom,111,0.41983016983016985
1155,1155,10,8,10,1,manhattan,leaf,128,0.4205794205794206
264,264,10,8,10,1,manhattan,leaf,128,0.4205794205794206
670,670,15,8,8,1,manhattan,leaf,153,0.4230769230769231
379,379,15,8,8,1,manhattan,leaf,153,0.4230769230769231
744,744,15,8,15,1,manhattan,leaf,73,0.42332667332667334
355,355,15,8,15,1,manhattan,leaf,73,0.42332667332667334
421,421,15,12,8,3,manhattan,eom,95,0.42332667332667334
1062,1062,15,12,8,3,manhattan,eom,95,0.42332667332667334
1384,1384,20,12,8,1,manhattan,leaf,142,0.4238261738261738
803,803,15,5,10,1,euclidean,leaf,123,0.4238261738261738
1052,1052,20,12,8,1,manhattan,leaf,142,0.4238261738261738
1359,1359,10,12,10,1,euclidean,leaf,130,0.4238261738261738
2,2,15,5,10,1,euclidean,leaf,123,0.4238261738261738
1145,1145,10,12,10,1,euclidean,leaf,130,0.4238261738261738
521,521,10,12,15,1,manhattan,leaf,76,0.4240759240759241
715,715,10,12,15,1,manhattan,leaf,76,0.4240759240759241
64,64,10,12,15,1,manhattan,leaf,76,0.4240759240759241
482,482,10,12,8,3,manhattan,eom,118,0.4273226773226773
854,854,10,12,8,3,manhattan,eom,118,0.4273226773226773
409,409,10,12,8,3,manhattan,eom,118,0.4273226773226773
837,837,20,12,5,3,manhattan,eom,147,0.42857142857142855
70,70,20,5,15,1,manhattan,leaf,71,0.4290709290709291
126,126,20,5,15,1,manhattan,leaf,71,0.4290709290709291
774,774,20,5,15,1,manhattan,leaf,71,0.4290709290709291
541,541,20,5,10,1,manhattan,leaf,109,0.4320679320679321
926,926,20,5,10,1,euclidean,leaf,127,0.4325674325674326
953,953,20,5,10,1,euclidean,leaf,127,0.4325674325674326
467,467,20,5,10,1,euclidean,leaf,127,0.4325674325674326
1236,1236,15,8,10,1,euclidean,leaf,116,0.43306693306693306
403,403,15,8,10,1,euclidean,leaf,116,0.43306693306693306
626,626,15,12,8,3,euclidean,eom,101,0.43306693306693306
475,475,15,12,8,3,euclidean,eom,101,0.43306693306693306
1051,1051,20,5,8,3,manhattan,eom,87,0.4340659340659341
589,589,15,12,10,3,manhattan,eom,76,0.4343156843156843
1223,1223,15,8,10,1,manhattan,leaf,112,0.43481518481518483
1364,1364,15,8,10,1,manhattan,leaf,112,0.43481518481518483
1339,1339,10,8,10,3,euclidean,eom,89,0.43481518481518483
1371,1371,10,8,10,3,euclidean,eom,89,0.43481518481518483
1002,1002,20,5,5,3,manhattan,eom,148,0.43506493506493504
909,909,20,8,10,1,manhattan,leaf,107,0.43506493506493504
1222,1222,20,5,5,3,manhattan,eom,148,0.43506493506493504
569,569,20,8,10,1,manhattan,leaf,107,0.43506493506493504
192,192,20,5,8,1,rogerstanimoto,leaf,3,0.43631368631368633
1229,1229,20,5,5,1,sokalsneath,eom,3,0.43631368631368633
340,340,20,5,5,1,sokalsneath,eom,3,0.43631368631368633
452,452,20,8,10,1,euclidean,leaf,120,0.43631368631368633
1048,1048,20,5,15,1,rogerstanimoto,leaf,3,0.43631368631368633
910,910,20,5,8,1,sokalsneath,eom,3,0.43631368631368633
578,578,20,5,8,1,sokalsneath,leaf,3,0.43631368631368633
656,656,20,5,15,1,rogerstanimoto,leaf,3,0.43631368631368633
1484,1484,20,8,10,1,euclidean,leaf,120,0.43631368631368633
1240,1240,20,5,5,1,rogerstanimoto,leaf,3,0.43631368631368633
183,183,20,5,15,1,rogerstanimoto,eom,3,0.43631368631368633
1436,1436,20,5,10,1,rogerstanimoto,leaf,3,0.43631368631368633
862,862,20,8,10,1,euclidean,leaf,120,0.43631368631368633
622,622,20,5,8,1,sokalsneath,eom,3,0.43631368631368633
187,187,20,5,15,1,sokalsneath,leaf,3,0.43631368631368633
468,468,20,5,15,1,rogerstanimoto,leaf,3,0.43631368631368633
947,947,20,5,15,1,rogerstanimoto,leaf,3,0.43631368631368633
1020,1020,20,5,10,1,sokalsneath,eom,3,0.43631368631368633
1174,1174,20,5,15,1,sokalsneath,eom,3,0.43631368631368633
1269,1269,20,5,8,1,rogerstanimoto,eom,3,0.43631368631368633
1464,1464,20,5,8,1,rogerstanimoto,leaf,3,0.43631368631368633
248,248,20,5,8,1,rogerstanimoto,eom,3,0.43631368631368633
730,730,20,5,8,1,rogerstanimoto,eom,3,0.43631368631368633
1319,1319,20,5,5,1,rogerstanimoto,leaf,3,0.43631368631368633
666,666,20,5,15,1,sokalsneath,eom,3,0.43631368631368633
1248,1248,20,5,15,1,sokalsneath,leaf,3,0.43631368631368633
702,702,20,5,15,1,sokalsneath,eom,3,0.43631368631368633
180,180,10,12,15,1,euclidean,leaf,71,0.4370629370629371
1393,1393,10,12,15,3,euclidean,eom,57,0.43756243756243757
1449,1449,15,5,15,1,manhattan,leaf,76,0.44005994005994004
1012,1012,15,5,8,3,euclidean,eom,106,0.4408091908091908
778,778,15,5,8,3,euclidean,eom,106,0.4408091908091908
1296,1296,15,5,8,3,euclidean,eom,106,0.4408091908091908
906,906,15,5,8,3,euclidean,eom,106,0.4408091908091908
1422,1422,15,5,8,3,euclidean,eom,106,0.4408091908091908
1262,1262,15,5,8,3,euclidean,eom,106,0.4408091908091908
339,339,10,12,15,3,manhattan,eom,56,0.4420579420579421
434,434,15,8,15,5,euclidean,eom,39,0.4435564435564436
1329,1329,20,12,15,1,manhattan,leaf,70,0.4438061938061938
612,612,20,12,15,1,manhattan,leaf,70,0.4438061938061938
1029,1029,15,8,5,3,manhattan,eom,149,0.4438061938061938
586,586,10,12,10,3,manhattan,eom,88,0.44455544455544455
914,914,10,12,10,3,manhattan,eom,88,0.44455544455544455
499,499,10,12,10,3,manhattan,eom,88,0.44455544455544455
895,895,10,12,10,3,manhattan,eom,88,0.44455544455544455
544,544,20,12,15,3,euclidean,eom,48,0.4453046953046953
1473,1473,20,12,15,3,euclidean,eom,48,0.4453046953046953
871,871,15,5,15,1,euclidean,leaf,75,0.44555444555444557
1232,1232,15,5,15,1,euclidean,leaf,75,0.44555444555444557
488,488,20,5,5,3,euclidean,eom,162,0.4458041958041958
494,494,20,5,5,3,euclidean,eom,162,0.4458041958041958
171,171,20,5,5,3,euclidean,eom,162,0.4458041958041958
168,168,20,5,5,3,euclidean,eom,162,0.4458041958041958
543,543,15,8,8,3,manhattan,eom,94,0.44605394605394605
563,563,15,8,8,3,manhattan,eom,94,0.44605394605394605
1151,1151,15,8,8,3,manhattan,eom,94,0.44605394605394605
996,996,20,8,15,3,euclidean,eom,51,0.44655344655344653
1186,1186,20,8,15,3,euclidean,eom,51,0.44655344655344653
610,610,20,8,15,3,euclidean,eom,51,0.44655344655344653
1474,1474,15,8,5,3,euclidean,eom,159,0.44755244755244755
1287,1287,15,8,5,3,euclidean,eom,159,0.44755244755244755
414,414,15,8,5,3,euclidean,eom,159,0.44755244755244755
614,614,20,8,8,1,manhattan,leaf,146,0.4478021978021978
1350,1350,20,8,8,1,manhattan,leaf,146,0.4478021978021978
777,777,20,8,8,1,manhattan,leaf,146,0.4478021978021978
1141,1141,20,8,8,1,manhattan,leaf,146,0.4478021978021978
1135,1135,20,8,8,1,manhattan,leaf,146,0.4478021978021978
1454,1454,20,8,8,3,manhattan,eom,86,0.44905094905094906
918,918,15,5,15,3,manhattan,eom,48,0.4493006993006993
1355,1355,20,5,10,3,manhattan,eom,69,0.4512987012987013
728,728,20,5,10,3,manhattan,eom,69,0.4512987012987013
471,471,20,5,10,3,manhattan,eom,69,0.4512987012987013
1460,1460,20,8,10,3,manhattan,eom,66,0.4517982017982018
1241,1241,20,5,8,3,euclidean,eom,92,0.4522977022977023
1180,1180,15,8,10,5,euclidean,eom,54,0.45254745254745254
526,526,15,8,10,3,manhattan,eom,70,0.45354645354645357
751,751,15,12,15,3,manhattan,eom,54,0.45404595404595405
443,443,15,12,10,3,euclidean,eom,81,0.45404595404595405
991,991,20,12,10,1,manhattan,leaf,108,0.45404595404595405
997,997,20,12,10,1,manhattan,leaf,108,0.45404595404595405
212,212,15,12,15,3,manhattan,eom,54,0.45404595404595405
768,768,10,8,5,5,manhattan,eom,115,0.45454545454545453
1298,1298,20,5,10,3,euclidean,eom,77,0.4552947052947053
351,351,10,5,10,5,manhattan,eom,71,0.45604395604395603
382,382,10,5,10,5,manhattan,eom,71,0.45604395604395603
33,33,10,8,8,5,manhattan,eom,85,0.45604395604395603
217,217,10,5,5,3,euclidean,leaf,224,0.45604395604395603
266,266,15,8,10,3,euclidean,eom,67,0.45754245754245754
9,9,15,8,10,3,euclidean,eom,67,0.45754245754245754
601,601,20,8,15,1,euclidean,leaf,75,0.45879120879120877
851,851,20,8,15,1,euclidean,leaf,75,0.45879120879120877
524,524,10,8,10,5,manhattan,eom,66,0.46003996003996006
1114,1114,20,8,15,1,manhattan,leaf,71,0.46153846153846156
1354,1354,20,8,15,1,manhattan,leaf,71,0.46153846153846156
74,74,20,12,5,3,euclidean,eom,154,0.46203796203796205
956,956,15,12,15,5,euclidean,eom,42,0.46203796203796205
574,574,20,12,5,3,euclidean,eom,154,0.46203796203796205
386,386,20,12,8,3,euclidean,eom,90,0.4645354645354645
798,798,20,12,8,3,euclidean,eom,90,0.4645354645354645
283,283,15,8,8,5,euclidean,eom,74,0.46528471528471527
196,196,15,8,8,3,euclidean,eom,91,0.4662837162837163
786,786,15,8,8,3,euclidean,eom,91,0.4662837162837163
195,195,15,8,8,3,euclidean,eom,91,0.4662837162837163
147,147,10,8,5,3,euclidean,leaf,215,0.4677822177822178
221,221,15,8,15,5,manhattan,eom,40,0.46853146853146854
43,43,10,12,5,5,manhattan,eom,121,0.469030969030969
1407,1407,10,12,5,5,manhattan,eom,121,0.469030969030969
516,516,10,5,8,5,euclidean,eom,92,0.4692807192807193
1076,1076,10,5,8,5,euclidean,eom,92,0.4692807192807193
315,315,10,5,8,5,euclidean,eom,92,0.4692807192807193
741,741,20,5,5,5,euclidean,eom,95,0.4695304695304695
1483,1483,20,5,5,5,euclidean,eom,95,0.4695304695304695
1413,1413,10,5,8,5,manhattan,eom,86,0.4697802197802198
721,721,10,5,8,5,manhattan,eom,86,0.4697802197802198
1245,1245,20,5,8,5,sokalsneath,eom,3,0.47027972027972026
309,309,20,5,8,5,rogerstanimoto,eom,3,0.47027972027972026
223,223,20,5,5,5,sokalsneath,leaf,3,0.47027972027972026
1133,1133,20,5,15,5,rogerstanimoto,eom,3,0.47027972027972026
188,188,20,5,8,5,sokalsneath,eom,3,0.47027972027972026
512,512,20,5,5,5,sokalsneath,leaf,3,0.47027972027972026
767,767,20,5,5,5,sokalsneath,leaf,3,0.47027972027972026
917,917,20,5,15,5,rogerstanimoto,eom,3,0.47027972027972026
754,754,20,5,15,5,rogerstanimoto,leaf,3,0.47027972027972026
911,911,20,5,10,5,sokalsneath,eom,3,0.47027972027972026
878,878,20,5,8,5,rogerstanimoto,eom,3,0.47027972027972026
1404,1404,10,12,5,3,manhattan,leaf,215,0.47027972027972026
304,304,20,5,5,5,sokalsneath,leaf,3,0.47027972027972026
71,71,20,5,10,5,rogerstanimoto,leaf,3,0.47027972027972026
747,747,20,5,5,5,sokalsneath,eom,3,0.47027972027972026
1039,1039,20,5,10,5,sokalsneath,eom,3,0.47027972027972026
1227,1227,10,12,5,3,manhattan,leaf,215,0.47027972027972026
83,83,20,5,5,5,sokalsneath,leaf,3,0.47027972027972026
1281,1281,20,5,10,5,sokalsneath,eom,3,0.47027972027972026
1427,1427,20,5,15,5,rogerstanimoto,leaf,3,0.47027972027972026
572,572,20,5,5,5,sokalsneath,leaf,3,0.47027972027972026
1212,1212,20,5,10,5,rogerstanimoto,eom,3,0.47027972027972026
986,986,20,5,10,5,rogerstanimoto,eom,3,0.47027972027972026
1470,1470,20,5,15,5,rogerstanimoto,eom,3,0.47027972027972026
1188,1188,20,5,15,5,rogerstanimoto,eom,3,0.47027972027972026
1361,1361,20,5,15,5,rogerstanimoto,eom,3,0.47027972027972026
1432,1432,20,5,5,5,sokalsneath,eom,3,0.47027972027972026
1082,1082,20,5,8,5,sokalsneath,eom,3,0.47027972027972026
673,673,20,5,10,5,rogerstanimoto,leaf,3,0.47027972027972026
1479,1479,20,5,8,5,sokalsneath,eom,3,0.47027972027972026
573,573,20,5,5,5,sokalsneath,eom,3,0.47027972027972026
227,227,20,5,10,5,sokalsneath,eom,3,0.47027972027972026
98,98,20,5,10,5,rogerstanimoto,leaf,3,0.47027972027972026
537,537,20,5,8,5,rogerstanimoto,leaf,3,0.47027972027972026
1098,1098,10,8,10,5,euclidean,eom,63,0.474025974025974
416,416,10,5,10,5,euclidean,eom,78,0.4742757242757243
1084,1084,10,5,10,5,euclidean,eom,78,0.4742757242757243
1332,1332,10,5,15,3,euclidean,leaf,68,0.47527472527472525
85,85,10,5,8,3,euclidean,leaf,131,0.47627372627372627
980,980,10,5,8,3,euclidean,leaf,131,0.47627372627372627
513,513,10,5,8,3,euclidean,leaf,131,0.47627372627372627
279,279,10,8,8,5,euclidean,eom,86,0.47677322677322675
1238,1238,10,8,8,5,euclidean,eom,86,0.47677322677322675
156,156,10,8,8,5,euclidean,eom,86,0.47677322677322675
1207,1207,10,8,8,5,euclidean,eom,86,0.47677322677322675
684,684,10,8,8,5,euclidean,eom,86,0.47677322677322675
400,400,10,8,8,5,euclidean,eom,86,0.47677322677322675
948,948,10,5,5,5,euclidean,eom,125,0.4772727272727273
667,667,10,5,15,3,manhattan,leaf,65,0.4772727272727273
977,977,10,8,15,5,manhattan,eom,49,0.4777722277722278
420,420,10,8,15,5,manhattan,eom,49,0.4777722277722278
671,671,10,12,5,5,euclidean,eom,124,0.4807692307692308
828,828,10,12,5,5,euclidean,eom,124,0.4807692307692308
263,263,20,12,15,3,manhattan,eom,47,0.482017982017982
1410,1410,10,5,15,5,manhattan,eom,49,0.4822677322677323
200,200,10,5,15,5,manhattan,eom,49,0.4822677322677323
435,435,10,12,8,5,manhattan,eom,94,0.4825174825174825
235,235,10,5,15,5,euclidean,eom,49,0.48276723276723277
966,966,15,5,10,3,manhattan,eom,79,0.48276723276723277
1471,1471,10,5,5,3,manhattan,leaf,219,0.4835164835164835
1389,1389,15,5,8,5,euclidean,eom,83,0.484015984015984
294,294,15,5,8,5,euclidean,eom,83,0.484015984015984
28,28,15,8,5,5,manhattan,eom,106,0.484015984015984
473,473,15,8,5,5,manhattan,eom,106,0.484015984015984
216,216,10,12,5,3,euclidean,leaf,212,0.484015984015984
840,840,15,8,5,5,manhattan,eom,106,0.484015984015984
59,59,15,5,8,5,euclidean,eom,83,0.484015984015984
885,885,20,5,5,5,manhattan,eom,94,0.48476523476523475
1352,1352,20,5,5,5,manhattan,eom,94,0.48476523476523475
178,178,20,5,5,5,manhattan,eom,94,0.48476523476523475
564,564,20,12,10,3,euclidean,eom,69,0.485014985014985
170,170,20,12,10,3,euclidean,eom,69,0.485014985014985
853,853,20,12,10,3,euclidean,eom,69,0.485014985014985
705,705,10,12,8,5,euclidean,eom,93,0.4852647352647353
1340,1340,10,12,8,3,manhattan,leaf,128,0.4852647352647353
1004,1004,10,12,8,3,manhattan,leaf,128,0.4852647352647353
1295,1295,10,12,8,3,manhattan,leaf,128,0.4852647352647353
295,295,15,12,5,5,manhattan,eom,104,0.4855144855144855
900,900,15,12,5,5,manhattan,eom,104,0.4855144855144855
792,792,20,8,15,3,manhattan,eom,47,0.4855144855144855
356,356,20,8,15,3,manhattan,eom,47,0.4855144855144855
57,57,10,12,8,3,euclidean,leaf,124,0.48951048951048953
806,806,10,12,8,3,euclidean,leaf,124,0.48951048951048953
870,870,10,12,8,3,euclidean,leaf,124,0.48951048951048953
175,175,10,12,8,3,euclidean,leaf,124,0.48951048951048953
164,164,10,12,8,3,euclidean,leaf,124,0.48951048951048953
1472,1472,10,8,8,3,manhattan,leaf,128,0.48976023976023975
814,814,10,8,8,3,manhattan,leaf,128,0.48976023976023975
796,796,15,5,5,5,euclidean,eom,112,0.4902597402597403
1006,1006,15,5,5,5,euclidean,eom,112,0.4902597402597403
660,660,15,5,5,5,euclidean,eom,112,0.4902597402597403
726,726,15,5,5,5,euclidean,eom,112,0.4902597402597403
898,898,15,5,5,5,euclidean,eom,112,0.4902597402597403
317,317,15,12,8,5,euclidean,eom,76,0.49075924075924077
987,987,20,12,15,5,euclidean,eom,42,0.49100899100899104
535,535,20,12,15,5,euclidean,eom,42,0.49100899100899104
1159,1159,15,8,5,5,euclidean,eom,102,0.4915084915084915
1498,1498,15,8,5,5,euclidean,eom,102,0.4915084915084915
1425,1425,20,12,5,5,euclidean,eom,100,0.492007992007992
846,846,20,12,5,5,euclidean,eom,100,0.492007992007992
639,639,10,12,10,3,euclidean,leaf,100,0.4937562437562438
1490,1490,10,12,15,5,euclidean,eom,49,0.49425574425574426
13,13,15,12,15,5,manhattan,eom,46,0.49475524475524474
1237,1237,15,12,15,5,manhattan,eom,46,0.49475524475524474
719,719,15,12,15,5,manhattan,eom,46,0.49475524475524474
759,759,15,12,15,5,manhattan,eom,46,0.49475524475524474
985,985,15,5,8,3,euclidean,leaf,118,0.49475524475524474
1412,1412,15,5,8,3,euclidean,leaf,118,0.49475524475524474
1058,1058,15,5,8,3,euclidean,leaf,118,0.49475524475524474
507,507,15,5,8,3,euclidean,leaf,118,0.49475524475524474
1440,1440,15,5,8,3,euclidean,leaf,118,0.49475524475524474
242,242,15,5,15,3,euclidean,eom,55,0.4955044955044955
1253,1253,15,12,8,3,euclidean,leaf,113,0.4965034965034965
903,903,10,8,5,3,manhattan,leaf,214,0.4965034965034965
758,758,15,12,8,3,manhattan,leaf,108,0.4965034965034965
121,121,15,12,8,3,euclidean,leaf,113,0.4965034965034965
753,753,10,8,5,3,manhattan,leaf,214,0.4965034965034965
750,750,15,12,8,3,euclidean,leaf,113,0.4965034965034965
350,350,20,5,10,3,sokalsneath,eom,3,0.4967532467532468
1003,1003,20,5,15,3,sokalsneath,eom,3,0.4967532467532468
523,523,20,5,5,3,rogerstanimoto,eom,3,0.4967532467532468
1139,1139,20,5,8,3,rogerstanimoto,leaf,3,0.4967532467532468
1056,1056,20,5,8,3,sokalsneath,eom,3,0.4967532467532468
1185,1185,20,5,10,3,sokalsneath,eom,3,0.4967532467532468
1077,1077,20,5,15,3,sokalsneath,eom,3,0.4967532467532468
493,493,20,5,5,3,rogerstanimoto,leaf,3,0.4967532467532468
1175,1175,20,5,8,3,rogerstanimoto,leaf,3,0.4967532467532468
1137,1137,20,5,5,3,sokalsneath,eom,3,0.4967532467532468
1136,1136,20,5,15,3,rogerstanimoto,leaf,3,0.4967532467532468
1075,1075,20,5,10,3,sokalsneath,eom,3,0.4967532467532468
20,20,20,5,5,3,rogerstanimoto,leaf,3,0.4967532467532468
476,476,20,5,15,3,sokalsneath,eom,3,0.4967532467532468
365,365,20,5,5,3,rogerstanimoto,leaf,3,0.4967532467532468
1382,1382,20,5,15,3,rogerstanimoto,leaf,3,0.4967532467532468
1153,1153,20,5,10,3,sokalsneath,eom,3,0.4967532467532468
243,243,20,5,5,3,rogerstanimoto,eom,3,0.4967532467532468
1333,1333,20,5,5,3,rogerstanimoto,leaf,3,0.4967532467532468
256,256,20,5,10,3,sokalsneath,leaf,3,0.4967532467532468
1458,1458,20,5,8,3,sokalsneath,eom,3,0.4967532467532468
882,882,20,5,8,3,rogerstanimoto,eom,3,0.4967532467532468
761,761,20,5,8,3,rogerstanimoto,leaf,3,0.4967532467532468
644,644,20,5,8,3,sokalsneath,eom,3,0.4967532467532468
269,269,20,5,8,3,sokalsneath,eom,3,0.4967532467532468
661,661,20,5,8,3,rogerstanimoto,leaf,3,0.4967532467532468
534,534,20,5,15,3,rogerstanimoto,eom,3,0.4967532467532468
1421,1421,20,5,15,3,rogerstanimoto,leaf,3,0.4967532467532468
916,916,20,5,15,3,rogerstanimoto,leaf,3,0.4967532467532468
1308,1308,20,5,8,3,rogerstanimoto,leaf,3,0.4967532467532468
1443,1443,20,5,8,3,sokalsneath,eom,3,0.4967532467532468
292,292,15,8,8,5,manhattan,eom,75,0.49725274725274726
579,579,15,8,15,3,manhattan,eom,51,0.498001998001998
348,348,10,5,10,3,manhattan,leaf,99,0.49875124875124877
1272,1272,10,5,10,3,manhattan,leaf,99,0.49875124875124877
464,464,15,5,10,5,euclidean,eom,61,0.5
1071,1071,15,5,10,5,euclidean,eom,61,0.5
821,821,15,5,10,5,euclidean,eom,61,0.5
3,3,15,12,5,3,euclidean,leaf,194,0.5004995004995005
500,500,15,12,5,3,euclidean,leaf,194,0.5004995004995005
53,53,15,12,5,3,euclidean,leaf,194,0.5004995004995005
743,743,15,12,5,3,euclidean,leaf,194,0.5004995004995005
922,922,15,12,5,3,euclidean,leaf,194,0.5004995004995005
576,576,15,12,5,3,euclidean,leaf,194,0.5004995004995005
707,707,10,5,5,5,manhattan,eom,128,0.5004995004995005
250,250,15,12,5,3,euclidean,leaf,194,0.5004995004995005
101,101,15,12,5,5,euclidean,eom,111,0.5014985014985015
937,937,15,12,5,5,euclidean,eom,111,0.5014985014985015
820,820,15,12,5,5,euclidean,eom,111,0.5014985014985015
308,308,15,12,5,5,euclidean,eom,111,0.5014985014985015
310,310,10,12,10,3,manhattan,leaf,97,0.5017482517482518
474,474,10,12,10,3,manhattan,leaf,97,0.5017482517482518
739,739,15,5,8,3,manhattan,leaf,115,0.5017482517482518
1430,1430,15,5,8,3,manhattan,leaf,115,0.5017482517482518
1005,1005,10,12,10,3,manhattan,leaf,97,0.5017482517482518
575,575,10,12,10,5,manhattan,eom,72,0.501998001998002
839,839,10,12,10,5,manhattan,eom,72,0.501998001998002
891,891,10,12,10,5,manhattan,eom,72,0.501998001998002
701,701,10,12,10,5,manhattan,eom,72,0.501998001998002
1256,1256,10,12,10,5,manhattan,eom,72,0.501998001998002
1171,1171,10,8,8,3,euclidean,leaf,129,0.5022477522477522
88,88,10,8,8,3,euclidean,leaf,129,0.5022477522477522
1130,1130,10,12,10,5,euclidean,eom,71,0.5047452547452548
442,442,10,12,10,5,euclidean,eom,71,0.5047452547452548
1318,1318,15,8,10,5,manhattan,eom,58,0.5064935064935064
698,698,20,8,8,5,euclidean,eom,76,0.5074925074925075
850,850,20,8,8,5,euclidean,eom,76,0.5074925074925075
117,117,20,8,8,5,euclidean,eom,76,0.5074925074925075
114,114,20,8,8,5,euclidean,eom,76,0.5074925074925075
1477,1477,20,5,10,3,euclidean,leaf,86,0.5077422577422578
1015,1015,20,5,10,3,euclidean,leaf,86,0.5077422577422578
245,245,15,12,15,3,euclidean,leaf,59,0.5079920079920079
197,197,15,5,10,3,euclidean,leaf,92,0.5079920079920079
401,401,15,12,10,5,euclidean,eom,62,0.5092407592407593
822,822,15,12,10,5,euclidean,eom,62,0.5092407592407593
1424,1424,15,5,5,3,manhattan,leaf,184,0.5094905094905094
546,546,15,5,5,3,manhattan,leaf,184,0.5094905094905094
1455,1455,15,5,5,3,manhattan,leaf,184,0.5094905094905094
919,919,15,12,5,3,manhattan,leaf,192,0.5097402597402597
1247,1247,15,12,5,3,manhattan,leaf,192,0.5097402597402597
1233,1233,15,12,5,3,manhattan,leaf,192,0.5097402597402597
1070,1070,15,12,10,3,euclidean,leaf,91,0.50999000999001
630,630,15,12,10,3,euclidean,leaf,91,0.50999000999001
440,440,10,8,10,3,manhattan,leaf,95,0.5102397602397603
1092,1092,10,8,10,3,manhattan,leaf,95,0.5102397602397603
1172,1172,10,8,10,3,euclidean,leaf,104,0.5102397602397603
1395,1395,10,12,15,5,manhattan,eom,46,0.5112387612387612
714,714,15,5,5,5,manhattan,eom,109,0.5114885114885115
1258,1258,15,5,5,5,manhattan,eom,109,0.5114885114885115
93,93,15,5,5,5,manhattan,eom,109,0.5114885114885115
525,525,15,5,5,5,manhattan,eom,109,0.5114885114885115
994,994,10,12,15,3,euclidean,leaf,65,0.5142357642357642
800,800,20,8,8,5,manhattan,eom,73,0.516983016983017
562,562,20,12,10,5,euclidean,eom,63,0.5192307692307693
899,899,20,12,10,5,euclidean,eom,63,0.5192307692307693
220,220,20,8,5,5,euclidean,eom,109,0.5197302697302697
927,927,20,8,5,5,euclidean,eom,109,0.5197302697302697
890,890,20,8,5,5,manhattan,eom,103,0.5202297702297702
929,929,15,12,15,3,manhattan,leaf,60,0.5204795204795205
1226,1226,20,8,8,3,euclidean,leaf,113,0.5207292707292708
1408,1408,15,8,15,3,manhattan,leaf,54,0.5209790209790209
1379,1379,15,8,15,3,manhattan,leaf,54,0.5209790209790209
621,621,15,8,15,3,manhattan,leaf,54,0.5209790209790209
570,570,15,8,15,3,manhattan,leaf,54,0.5209790209790209
1034,1034,10,8,15,3,manhattan,leaf,62,0.5212287712287712
680,680,20,8,15,5,euclidean,eom,43,0.5212287712287712
132,132,20,8,15,5,euclidean,eom,43,0.5212287712287712
1127,1127,10,8,15,3,manhattan,leaf,62,0.5212287712287712
1158,1158,20,8,15,5,euclidean,eom,43,0.5212287712287712
780,780,15,5,5,3,euclidean,leaf,192,0.521978021978022
969,969,15,5,5,3,euclidean,leaf,192,0.521978021978022
693,693,15,5,5,3,euclidean,leaf,192,0.521978021978022
1492,1492,15,5,5,3,euclidean,leaf,192,0.521978021978022
1200,1200,15,5,5,3,euclidean,leaf,192,0.521978021978022
651,651,10,12,15,3,manhattan,leaf,64,0.5224775224775224
323,323,10,12,15,3,manhattan,leaf,64,0.5224775224775224
162,162,20,5,15,3,euclidean,leaf,63,0.5239760239760239
699,699,20,8,10,5,manhattan,eom,58,0.524975024975025
390,390,20,8,10,5,manhattan,eom,58,0.524975024975025
1206,1206,20,8,10,5,manhattan,eom,58,0.524975024975025
318,318,20,8,10,5,manhattan,eom,58,0.524975024975025
1255,1255,20,8,10,5,euclidean,eom,62,0.5284715284715285
607,607,20,8,10,5,euclidean,eom,62,0.5284715284715285
502,502,20,8,10,5,euclidean,eom,62,0.5284715284715285
875,875,20,8,5,3,euclidean,leaf,170,0.5292207792207793
37,37,20,8,15,5,manhattan,eom,41,0.5317182817182817
431,431,20,8,15,5,manhattan,eom,41,0.5317182817182817
677,677,20,5,8,3,manhattan,leaf,110,0.5327172827172827
458,458,15,5,10,3,manhattan,leaf,89,0.5334665334665335
1411,1411,15,5,10,3,manhattan,leaf,89,0.5334665334665335
514,514,15,5,10,3,manhattan,leaf,89,0.5334665334665335
1349,1349,15,5,10,3,manhattan,leaf,89,0.5334665334665335
146,146,15,5,10,3,manhattan,leaf,89,0.5334665334665335
119,119,15,5,10,3,manhattan,leaf,89,0.5334665334665335
791,791,20,5,5,3,manhattan,leaf,177,0.5337162837162838
638,638,20,8,10,3,euclidean,leaf,89,0.5339660339660339
886,886,15,5,15,3,euclidean,leaf,60,0.5354645354645354
1419,1419,10,5,15,5,manhattan,leaf,54,0.5354645354645354
1417,1417,15,5,15,3,manhattan,leaf,58,0.5367132867132867
1049,1049,15,5,15,3,manhattan,leaf,58,0.5367132867132867
398,398,15,5,15,3,manhattan,leaf,58,0.5367132867132867
362,362,20,8,10,3,manhattan,leaf,77,0.5374625374625375
385,385,20,12,8,3,euclidean,leaf,103,0.5377122877122877
498,498,20,12,8,3,euclidean,leaf,103,0.5377122877122877
191,191,20,12,8,3,euclidean,leaf,103,0.5377122877122877
518,518,20,12,5,3,euclidean,leaf,179,0.5384615384615384
624,624,20,12,5,3,euclidean,leaf,179,0.5384615384615384
973,973,20,12,5,3,euclidean,leaf,179,0.5384615384615384
258,258,15,8,5,3,euclidean,leaf,185,0.5407092907092907
399,399,20,8,8,3,manhattan,leaf,98,0.5409590409590409
1363,1363,10,8,15,3,euclidean,leaf,61,0.5412087912087912
271,271,10,8,15,3,euclidean,leaf,61,0.5412087912087912
1314,1314,15,8,15,3,euclidean,leaf,53,0.5417082917082917
198,198,15,8,10,3,manhattan,leaf,83,0.541958041958042
585,585,15,8,5,3,manhattan,leaf,177,0.541958041958042
205,205,15,8,5,3,manhattan,leaf,177,0.541958041958042
557,557,15,8,5,3,manhattan,leaf,177,0.541958041958042
353,353,10,12,8,5,euclidean,leaf,102,0.541958041958042
642,642,15,8,10,3,manhattan,leaf,83,0.541958041958042
42,42,10,5,8,5,euclidean,leaf,109,0.5422077922077922
229,229,10,5,8,5,euclidean,leaf,109,0.5422077922077922
1283,1283,10,5,8,5,euclidean,leaf,109,0.5422077922077922
19,19,10,5,8,5,euclidean,leaf,109,0.5422077922077922
1494,1494,20,12,15,3,manhattan,leaf,56,0.5437062937062938
1018,1018,20,12,15,3,manhattan,leaf,56,0.5437062937062938
465,465,20,8,15,3,euclidean,leaf,59,0.5444555444555444
1057,1057,20,8,15,3,euclidean,leaf,59,0.5444555444555444
275,275,20,8,15,3,euclidean,leaf,59,0.5444555444555444
389,389,20,5,15,3,manhattan,leaf,56,0.5447052947052947
1202,1202,20,5,15,3,manhattan,leaf,56,0.5447052947052947
1113,1113,10,5,5,5,euclidean,leaf,146,0.544955044955045
1013,1013,10,5,15,5,euclidean,leaf,56,0.5482017982017982
334,334,10,5,15,5,euclidean,leaf,56,0.5482017982017982
1069,1069,10,5,10,5,euclidean,leaf,91,0.5501998001998002
1097,1097,10,5,10,5,euclidean,leaf,91,0.5501998001998002
1457,1457,10,5,8,5,manhattan,leaf,97,0.5504495504495505
1124,1124,10,5,8,5,manhattan,leaf,97,0.5504495504495505
1290,1290,10,5,8,5,manhattan,leaf,97,0.5504495504495505
1182,1182,10,5,8,5,manhattan,leaf,97,0.5504495504495505
961,961,10,5,8,5,manhattan,leaf,97,0.5504495504495505
387,387,10,8,8,5,manhattan,leaf,99,0.5511988011988012
329,329,10,12,5,5,manhattan,leaf,143,0.5511988011988012
725,725,15,5,8,5,euclidean,leaf,95,0.5534465534465535
1165,1165,15,5,8,5,euclidean,leaf,95,0.5534465534465535
1482,1482,20,12,15,3,euclidean,leaf,59,0.5539460539460539
49,49,10,8,15,5,euclidean,leaf,56,0.5554445554445554
453,453,10,8,15,5,euclidean,leaf,56,0.5554445554445554
166,166,10,8,15,5,euclidean,leaf,56,0.5554445554445554
25,25,10,8,15,5,euclidean,leaf,56,0.5554445554445554
646,646,10,8,15,5,euclidean,leaf,56,0.5554445554445554
833,833,20,12,10,3,euclidean,leaf,78,0.5564435564435565
1181,1181,10,8,10,5,euclidean,leaf,77,0.5571928071928072
165,165,10,8,15,5,manhattan,leaf,57,0.5574425574425574
236,236,10,8,15,5,manhattan,leaf,57,0.5574425574425574
177,177,10,8,15,5,manhattan,leaf,57,0.5574425574425574
696,696,10,8,15,5,manhattan,leaf,57,0.5574425574425574
1045,1045,10,8,15,5,manhattan,leaf,57,0.5574425574425574
1019,1019,15,5,5,5,euclidean,leaf,129,0.5584415584415584
629,629,20,5,10,3,manhattan,leaf,85,0.5591908091908092
856,856,10,5,5,5,manhattan,leaf,143,0.5599400599400599
373,373,10,8,5,5,manhattan,leaf,142,0.5604395604395604
844,844,10,8,5,5,manhattan,leaf,142,0.5604395604395604
218,218,10,12,10,5,manhattan,leaf,80,0.5611888111888111
659,659,10,8,5,5,euclidean,leaf,141,0.5621878121878122
1068,1068,10,8,5,5,euclidean,leaf,141,0.5621878121878122
396,396,10,12,8,5,manhattan,leaf,107,0.5629370629370629
138,138,10,12,8,5,manhattan,leaf,107,0.5629370629370629
1036,1036,15,12,15,5,euclidean,leaf,53,0.5631868131868132
1079,1079,10,12,10,5,euclidean,leaf,82,0.5634365634365635
963,963,15,12,10,5,manhattan,leaf,72,0.5644355644355644
1211,1211,15,12,10,5,manhattan,leaf,72,0.5644355644355644
599,599,15,12,10,5,manhattan,leaf,72,0.5644355644355644
497,497,15,8,15,5,euclidean,leaf,46,0.5659340659340659
532,532,15,5,15,5,manhattan,leaf,51,0.5686813186813187
1087,1087,15,12,10,5,euclidean,leaf,72,0.5691808191808192
924,924,15,12,10,5,euclidean,leaf,72,0.5691808191808192
1444,1444,20,8,15,5,manhattan,leaf,46,0.5696803196803197
1221,1221,20,8,15,5,manhattan,leaf,46,0.5696803196803197
140,140,20,8,15,5,manhattan,leaf,46,0.5696803196803197
111,111,20,8,15,5,manhattan,leaf,46,0.5696803196803197
131,131,20,8,15,5,euclidean,leaf,49,0.570929070929071
1115,1115,15,12,8,5,euclidean,leaf,90,0.5714285714285714
857,857,15,12,8,5,euclidean,leaf,90,0.5714285714285714
1189,1189,15,8,8,3,euclidean,leaf,107,0.5716783216783217
377,377,15,8,8,3,euclidean,leaf,107,0.5716783216783217
438,438,15,8,10,5,euclidean,leaf,65,0.5741758241758241
1491,1491,15,5,15,5,euclidean,leaf,49,0.5744255744255744
815,815,15,12,8,5,manhattan,leaf,89,0.5749250749250749
880,880,15,12,8,5,manhattan,leaf,89,0.5749250749250749
1388,1388,15,12,8,5,manhattan,leaf,89,0.5749250749250749
213,213,15,12,8,5,manhattan,leaf,89,0.5749250749250749
287,287,15,12,8,5,manhattan,leaf,89,0.5749250749250749
337,337,15,12,8,5,manhattan,leaf,89,0.5749250749250749
729,729,15,8,5,5,euclidean,leaf,119,0.5764235764235764
78,78,15,8,5,5,euclidean,leaf,119,0.5764235764235764
1312,1312,10,12,15,5,euclidean,leaf,56,0.5764235764235764
55,55,20,8,15,3,manhattan,leaf,55,0.5776723276723277
167,167,20,8,8,5,euclidean,leaf,88,0.5801698301698301
1301,1301,20,8,8,5,euclidean,leaf,88,0.5801698301698301
422,422,20,8,8,5,euclidean,leaf,88,0.5801698301698301
781,781,15,5,5,5,manhattan,leaf,123,0.5811688311688312
1302,1302,15,5,5,5,manhattan,leaf,123,0.5811688311688312
1263,1263,15,5,5,5,manhattan,leaf,123,0.5811688311688312
674,674,15,5,5,5,manhattan,leaf,123,0.5811688311688312
393,393,15,5,5,5,manhattan,leaf,123,0.5811688311688312
84,84,15,8,8,5,manhattan,leaf,84,0.5829170829170829
63,63,15,8,8,5,manhattan,leaf,84,0.5829170829170829
1321,1321,15,12,15,3,sokalsneath,eom,3,0.5844155844155844
1499,1499,15,12,15,3,rogerstanimoto,leaf,3,0.5844155844155844
1025,1025,15,12,10,3,sokalsneath,eom,3,0.5844155844155844
496,496,15,12,5,3,sokalsneath,leaf,3,0.5844155844155844
809,809,15,12,8,3,rogerstanimoto,leaf,3,0.5844155844155844
811,811,15,12,15,3,sokalsneath,leaf,3,0.5844155844155844
151,151,15,12,5,3,rogerstanimoto,eom,3,0.5844155844155844
1026,1026,15,12,8,3,sokalsneath,eom,3,0.5844155844155844
154,154,15,12,8,3,rogerstanimoto,eom,3,0.5844155844155844
172,172,15,12,10,3,sokalsneath,leaf,3,0.5844155844155844
1014,1014,15,12,15,3,sokalsneath,leaf,3,0.5844155844155844
193,193,15,12,8,3,sokalsneath,leaf,3,0.5844155844155844
965,965,15,12,5,3,sokalsneath,eom,3,0.5844155844155844
259,259,15,12,8,3,sokalsneath,eom,3,0.5844155844155844
429,429,15,12,8,3,sokalsneath,leaf,3,0.5844155844155844
427,427,15,12,10,3,rogerstanimoto,eom,3,0.5844155844155844
848,848,15,12,5,3,sokalsneath,eom,3,0.5844155844155844
367,367,15,12,8,3,sokalsneath,leaf,3,0.5844155844155844
934,934,15,12,5,3,rogerstanimoto,eom,3,0.5844155844155844
291,291,15,12,5,3,sokalsneath,leaf,3,0.5844155844155844
311,311,15,12,15,3,sokalsneath,leaf,3,0.5844155844155844
877,877,15,12,5,3,sokalsneath,leaf,3,0.5844155844155844
95,95,15,12,8,3,rogerstanimoto,eom,3,0.5844155844155844
92,92,15,12,15,3,sokalsneath,eom,3,0.5844155844155844
343,343,15,12,5,3,sokalsneath,eom,3,0.5844155844155844
706,706,15,12,15,3,rogerstanimoto,eom,3,0.5844155844155844
86,86,15,12,8,3,rogerstanimoto,eom,3,0.5844155844155844
66,66,15,12,10,3,sokalsneath,leaf,3,0.5844155844155844
14,14,15,12,10,3,sokalsneath,eom,3,0.5844155844155844
1110,1110,15,12,5,3,rogerstanimoto,leaf,3,0.5844155844155844
508,508,15,12,15,3,rogerstanimoto,eom,3,0.5844155844155844
36,36,15,12,15,3,rogerstanimoto,leaf,3,0.5844155844155844
1387,1387,20,5,5,5,euclidean,leaf,119,0.5849150849150849
616,616,20,5,5,5,euclidean,leaf,119,0.5849150849150849
648,648,20,5,15,5,manhattan,leaf,50,0.5851648351648352
433,433,20,5,15,5,manhattan,leaf,50,0.5851648351648352
1131,1131,20,5,15,5,manhattan,leaf,50,0.5851648351648352
1267,1267,15,5,10,3,rogerstanimoto,eom,3,0.5856643356643356
267,267,15,5,15,3,rogerstanimoto,leaf,3,0.5856643356643356
942,942,15,5,10,3,sokalsneath,leaf,3,0.5856643356643356
1170,1170,15,5,8,3,sokalsneath,eom,3,0.5856643356643356
73,73,15,5,8,3,rogerstanimoto,eom,3,0.5856643356643356
1418,1418,15,5,15,3,sokalsneath,leaf,3,0.5856643356643356
923,923,15,5,15,3,sokalsneath,eom,3,0.5856643356643356
874,874,15,5,15,3,rogerstanimoto,leaf,3,0.5856643356643356
1279,1279,15,5,15,3,sokalsneath,leaf,3,0.5856643356643356
303,303,15,5,5,3,rogerstanimoto,leaf,3,0.5856643356643356
1282,1282,15,5,15,3,rogerstanimoto,leaf,3,0.5856643356643356
1330,1330,15,5,15,3,rogerstanimoto,leaf,3,0.5856643356643356
665,665,15,5,5,3,sokalsneath,eom,3,0.5856643356643356
1178,1178,15,5,15,3,sokalsneath,leaf,3,0.5856643356643356
224,224,15,5,10,3,rogerstanimoto,eom,3,0.5856643356643356
1230,1230,15,5,8,3,rogerstanimoto,eom,3,0.5856643356643356
1469,1469,15,5,15,3,sokalsneath,eom,3,0.5856643356643356
129,129,15,5,5,3,rogerstanimoto,eom,3,0.5856643356643356
1462,1462,15,5,10,3,sokalsneath,leaf,3,0.5856643356643356
1374,1374,15,5,15,3,sokalsneath,eom,3,0.5856643356643356
44,44,15,5,15,3,rogerstanimoto,leaf,3,0.5856643356643356
144,144,15,5,15,3,sokalsneath,leaf,3,0.5856643356643356
1150,1150,15,5,8,3,sokalsneath,eom,3,0.5856643356643356
749,749,15,5,5,3,sokalsneath,eom,3,0.5856643356643356
736,736,15,5,15,3,sokalsneath,eom,3,0.5856643356643356
995,995,15,5,10,3,sokalsneath,leaf,3,0.5856643356643356
819,819,15,5,15,3,rogerstanimoto,eom,3,0.5856643356643356
1306,1306,15,5,8,3,sokalsneath,eom,3,0.5856643356643356
1035,1035,20,5,8,5,manhattan,leaf,82,0.5859140859140859
984,984,20,5,8,5,manhattan,leaf,82,0.5859140859140859
893,893,15,5,10,5,manhattan,leaf,70,0.5861638361638362
11,11,15,5,10,5,manhattan,leaf,70,0.5861638361638362
687,687,20,5,10,5,manhattan,leaf,68,0.5861638361638362
215,215,15,5,10,5,manhattan,leaf,70,0.5861638361638362
836,836,20,12,8,5,euclidean,leaf,82,0.5884115884115884
695,695,20,12,8,5,euclidean,leaf,82,0.5884115884115884
663,663,15,8,5,5,manhattan,leaf,122,0.5899100899100899
1143,1143,15,8,5,5,manhattan,leaf,122,0.5899100899100899
1266,1266,15,8,5,5,manhattan,leaf,122,0.5899100899100899
1448,1448,15,8,5,5,manhattan,leaf,122,0.5899100899100899
234,234,20,8,10,5,manhattan,leaf,66,0.5916583416583416
1116,1116,20,8,10,5,manhattan,leaf,66,0.5916583416583416
654,654,20,12,15,5,manhattan,leaf,53,0.5919080919080919
139,139,20,12,15,5,manhattan,leaf,53,0.5919080919080919
1381,1381,20,12,15,5,manhattan,leaf,53,0.5919080919080919
41,41,20,5,15,5,euclidean,leaf,47,0.5924075924075924
280,280,20,12,8,5,manhattan,leaf,82,0.5926573426573427
342,342,20,12,8,5,manhattan,leaf,82,0.5926573426573427
449,449,20,12,8,5,manhattan,leaf,82,0.5926573426573427
668,668,20,12,15,5,euclidean,leaf,52,0.5941558441558441
106,106,20,12,15,5,euclidean,leaf,52,0.5941558441558441
1380,1380,15,12,5,5,euclidean,leaf,133,0.5956543456543456
17,17,20,5,8,5,euclidean,leaf,84,0.5961538461538461
1187,1187,20,12,10,5,euclidean,leaf,70,0.5961538461538461
636,636,20,12,10,5,euclidean,leaf,70,0.5961538461538461
770,770,20,12,10,5,euclidean,leaf,70,0.5961538461538461
206,206,20,12,10,5,euclidean,leaf,70,0.5961538461538461
345,345,15,12,5,5,manhattan,leaf,125,0.5966533466533467
920,920,15,12,5,5,manhattan,leaf,125,0.5966533466533467
1156,1156,15,12,5,5,manhattan,leaf,125,0.5966533466533467
775,775,20,8,10,5,euclidean,leaf,70,0.5974025974025974
1190,1190,20,8,10,5,euclidean,leaf,70,0.5974025974025974
1344,1344,20,8,5,5,euclidean,leaf,128,0.6006493506493507
902,902,20,8,5,5,euclidean,leaf,128,0.6006493506493507
1305,1305,20,5,5,5,manhattan,leaf,118,0.6071428571428571
7,7,20,5,10,5,euclidean,leaf,72,0.6116383616383616
685,685,20,8,5,5,manhattan,leaf,121,0.6141358641358642
1059,1059,20,8,5,5,manhattan,leaf,121,0.6141358641358642
1376,1376,20,8,5,5,manhattan,leaf,121,0.6141358641358642
341,341,20,8,5,5,manhattan,leaf,121,0.6141358641358642
1334,1334,15,5,10,5,sokalsneath,leaf,3,0.741008991008991
136,136,15,5,10,5,sokalsneath,eom,3,0.741008991008991
457,457,15,5,15,5,rogerstanimoto,eom,3,0.741008991008991
201,201,15,5,5,5,rogerstanimoto,leaf,3,0.741008991008991
262,262,15,5,15,5,rogerstanimoto,eom,3,0.741008991008991
388,388,15,5,8,5,rogerstanimoto,eom,3,0.741008991008991
1426,1426,15,5,10,5,sokalsneath,eom,3,0.741008991008991
1399,1399,15,5,15,5,sokalsneath,eom,3,0.741008991008991
1420,1420,15,5,10,5,sokalsneath,leaf,3,0.741008991008991
359,359,15,5,15,5,rogerstanimoto,leaf,3,0.741008991008991
326,326,15,5,5,5,sokalsneath,leaf,3,0.741008991008991
469,469,15,5,15,5,sokalsneath,leaf,3,0.741008991008991
281,281,15,5,5,5,sokalsneath,leaf,3,0.741008991008991
558,558,15,5,15,5,sokalsneath,eom,3,0.741008991008991
873,873,15,5,5,5,sokalsneath,eom,3,0.741008991008991
954,954,15,5,8,5,rogerstanimoto,eom,3,0.741008991008991
932,932,15,5,15,5,rogerstanimoto,leaf,3,0.741008991008991
1000,1000,15,5,15,5,sokalsneath,leaf,3,0.741008991008991
1016,1016,15,5,15,5,rogerstanimoto,eom,3,0.741008991008991
734,734,15,5,5,5,rogerstanimoto,eom,3,0.741008991008991
907,907,15,5,5,5,rogerstanimoto,eom,3,0.741008991008991
1031,1031,15,5,5,5,rogerstanimoto,leaf,3,0.741008991008991
1053,1053,15,5,10,5,sokalsneath,leaf,3,0.741008991008991
1299,1299,15,5,8,5,sokalsneath,leaf,3,0.741008991008991
1132,1132,15,5,15,5,sokalsneath,leaf,3,0.741008991008991
908,908,15,12,15,5,sokalsneath,leaf,3,0.7647352647352648
559,559,15,12,15,5,rogerstanimoto,eom,3,0.7647352647352648
408,408,15,12,5,5,rogerstanimoto,leaf,3,0.7647352647352648
1414,1414,15,12,5,5,sokalsneath,eom,3,0.7647352647352648
938,938,15,12,10,5,rogerstanimoto,leaf,3,0.7647352647352648
277,277,15,12,10,5,rogerstanimoto,leaf,3,0.7647352647352648
477,477,15,12,8,5,sokalsneath,leaf,3,0.7647352647352648
102,102,15,12,15,5,rogerstanimoto,leaf,3,0.7647352647352648
783,783,15,12,15,5,rogerstanimoto,eom,3,0.7647352647352648
971,971,15,12,8,5,rogerstanimoto,eom,3,0.7647352647352648
1353,1353,15,12,5,5,rogerstanimoto,eom,3,0.7647352647352648
691,691,15,12,15,5,rogerstanimoto,eom,3,0.7647352647352648
134,134,15,12,5,5,sokalsneath,leaf,3,0.7647352647352648
1461,1461,15,12,15,5,sokalsneath,eom,3,0.7647352647352648
1157,1157,15,12,10,5,sokalsneath,leaf,3,0.7647352647352648
1033,1033,15,12,8,5,sokalsneath,eom,3,0.7647352647352648
1445,1445,15,12,5,5,rogerstanimoto,eom,3,0.7647352647352648
1341,1341,15,12,8,5,sokalsneath,leaf,3,0.7647352647352648
1439,1439,15,12,5,5,rogerstanimoto,eom,3,0.7647352647352648
598,598,15,12,5,5,sokalsneath,leaf,3,0.7647352647352648
226,226,15,12,8,5,sokalsneath,eom,3,0.7647352647352648
68,68,15,12,5,5,rogerstanimoto,leaf,3,0.7647352647352648
472,472,15,12,8,5,rogerstanimoto,leaf,3,0.7647352647352648
935,935,15,8,15,5,sokalsneath,leaf,3,0.7947052947052947
51,51,15,8,15,5,sokalsneath,eom,3,0.7947052947052947
222,222,15,8,8,5,rogerstanimoto,leaf,3,0.7947052947052947
896,896,15,8,15,5,sokalsneath,leaf,3,0.7947052947052947
1044,1044,15,8,10,5,rogerstanimoto,eom,3,0.7947052947052947
369,369,15,8,15,5,rogerstanimoto,leaf,3,0.7947052947052947
1431,1431,15,8,5,5,rogerstanimoto,leaf,3,0.7947052947052947
454,454,15,8,8,5,sokalsneath,leaf,3,0.7947052947052947
455,455,15,8,8,5,sokalsneath,leaf,3,0.7947052947052947
1086,1086,15,8,15,5,rogerstanimoto,eom,3,0.7947052947052947
678,678,15,8,10,5,rogerstanimoto,eom,3,0.7947052947052947
1093,1093,15,8,5,5,sokalsneath,leaf,3,0.7947052947052947
31,31,15,8,10,5,rogerstanimoto,eom,3,0.7947052947052947
565,565,15,8,8,5,sokalsneath,leaf,3,0.7947052947052947
509,509,15,8,15,5,sokalsneath,leaf,3,0.7947052947052947
1358,1358,15,8,8,5,sokalsneath,eom,3,0.7947052947052947
623,623,15,8,8,5,rogerstanimoto,leaf,3,0.7947052947052947
608,608,15,8,8,5,rogerstanimoto,eom,3,0.7947052947052947
627,627,15,8,5,5,sokalsneath,leaf,3,0.7947052947052947
1149,1149,15,8,5,5,sokalsneath,leaf,3,0.7947052947052947
549,549,15,8,15,5,rogerstanimoto,leaf,3,0.7947052947052947
531,531,15,8,8,5,rogerstanimoto,eom,3,0.7947052947052947
690,690,15,8,8,5,rogerstanimoto,leaf,3,0.7947052947052947
1495,1495,15,8,10,3,sokalsneath,leaf,3,0.8893606393606394
1446,1446,15,8,15,3,sokalsneath,leaf,3,0.8893606393606394
179,179,15,8,8,3,rogerstanimoto,leaf,3,0.8893606393606394
1100,1100,15,8,5,3,sokalsneath,eom,3,0.8893606393606394
1108,1108,15,8,5,3,rogerstanimoto,leaf,3,0.8893606393606394
174,174,15,8,5,3,sokalsneath,eom,3,0.8893606393606394
173,173,15,8,10,3,rogerstanimoto,leaf,3,0.8893606393606394
331,331,15,8,10,3,rogerstanimoto,leaf,3,0.8893606393606394
901,901,15,8,5,3,rogerstanimoto,eom,3,0.8893606393606394
897,897,15,8,8,3,sokalsneath,leaf,3,0.8893606393606394
816,816,15,8,5,3,sokalsneath,leaf,3,0.8893606393606394
450,450,15,8,15,3,rogerstanimoto,leaf,3,0.8893606393606394
247,247,15,8,8,3,sokalsneath,eom,3,0.8893606393606394
76,76,15,8,15,3,rogerstanimoto,eom,3,0.8893606393606394
843,843,15,8,15,3,rogerstanimoto,eom,3,0.8893606393606394
487,487,15,8,5,3,rogerstanimoto,eom,3,0.8893606393606394
504,504,15,8,5,3,sokalsneath,leaf,3,0.8893606393606394
1475,1475,15,8,10,3,sokalsneath,eom,3,0.8893606393606394
395,395,15,8,15,3,sokalsneath,leaf,3,0.8893606393606394
632,632,15,8,15,3,rogerstanimoto,leaf,3,0.8893606393606394
818,818,15,8,8,3,sokalsneath,eom,3,0.8893606393606394
1316,1316,15,8,10,3,sokalsneath,leaf,3,0.8893606393606394
273,273,15,8,5,3,sokalsneath,eom,3,0.8893606393606394
764,764,15,8,5,3,sokalsneath,leaf,3,0.8893606393606394
354,354,15,8,10,3,rogerstanimoto,eom,3,0.8893606393606394
1383,1383,15,8,8,3,rogerstanimoto,leaf,3,0.8893606393606394
1166,1166,20,8,8,3,sokalsneath,eom,3,0.9433066933066933
159,159,20,8,15,3,sokalsneath,eom,3,0.9433066933066933
737,737,20,8,15,3,sokalsneath,leaf,3,0.9433066933066933
1441,1441,20,8,15,3,sokalsneath,leaf,3,0.9433066933066933
1007,1007,20,8,5,3,rogerstanimoto,eom,3,0.9433066933066933
625,625,20,8,8,3,rogerstanimoto,eom,3,0.9433066933066933
1338,1338,20,8,5,3,rogerstanimoto,leaf,3,0.9433066933066933
708,708,20,8,5,3,sokalsneath,leaf,3,0.9433066933066933
1078,1078,20,8,5,3,rogerstanimoto,eom,3,0.9433066933066933
122,122,20,8,5,3,sokalsneath,leaf,3,0.9433066933066933
978,978,20,8,5,3,rogerstanimoto,leaf,3,0.9433066933066933
1429,1429,20,8,15,3,sokalsneath,leaf,3,0.9433066933066933
459,459,20,8,10,3,rogerstanimoto,eom,3,0.9433066933066933
322,322,20,8,8,3,sokalsneath,leaf,3,0.9433066933066933
832,832,20,8,15,3,sokalsneath,eom,3,0.9433066933066933
1370,1370,20,8,5,3,rogerstanimoto,leaf,3,0.9433066933066933
1398,1398,20,8,15,3,sokalsneath,leaf,3,0.9433066933066933
869,869,20,8,15,3,sokalsneath,eom,3,0.9433066933066933
1386,1386,20,8,5,3,sokalsneath,leaf,3,0.9433066933066933
957,957,20,8,15,3,rogerstanimoto,leaf,3,0.9433066933066933
330,330,20,8,5,3,rogerstanimoto,leaf,3,0.9433066933066933
517,517,20,8,15,3,sokalsneath,leaf,3,0.9433066933066933
931,931,20,8,15,3,sokalsneath,leaf,3,0.9433066933066933
48,48,20,8,8,3,rogerstanimoto,eom,3,0.9433066933066933
657,657,20,8,10,3,sokalsneath,leaf,3,0.9433066933066933
276,276,20,8,10,3,rogerstanimoto,eom,3,0.9433066933066933
536,536,20,8,5,3,rogerstanimoto,eom,3,0.9433066933066933
284,284,20,8,8,3,sokalsneath,eom,3,0.9433066933066933
61,61,20,8,8,3,sokalsneath,leaf,3,0.9433066933066933
128,128,15,12,8,1,rogerstanimoto,leaf,3,0.967032967032967
436,436,15,12,8,1,sokalsneath,leaf,3,0.967032967032967
831,831,15,12,8,1,rogerstanimoto,eom,3,0.967032967032967
1074,1074,15,12,5,1,sokalsneath,leaf,3,0.967032967032967
807,807,15,12,5,1,rogerstanimoto,leaf,3,0.967032967032967
835,835,15,12,8,1,sokalsneath,leaf,3,0.967032967032967
141,141,15,12,10,1,rogerstanimoto,eom,3,0.967032967032967
975,975,15,12,10,1,sokalsneath,eom,3,0.967032967032967
150,150,15,12,8,1,rogerstanimoto,eom,3,0.967032967032967
872,872,15,12,10,1,sokalsneath,leaf,3,0.967032967032967
1138,1138,15,12,8,1,sokalsneath,leaf,3,0.967032967032967
211,211,15,12,8,1,rogerstanimoto,leaf,3,0.967032967032967
511,511,15,12,8,1,sokalsneath,eom,3,0.967032967032967
1466,1466,15,12,8,1,sokalsneath,leaf,3,0.967032967032967
912,912,15,12,5,1,rogerstanimoto,leaf,3,0.967032967032967
1438,1438,15,12,8,1,sokalsneath,leaf,3,0.967032967032967
1192,1192,15,12,10,1,rogerstanimoto,eom,3,0.967032967032967
184,184,15,12,10,1,sokalsneath,leaf,3,0.967032967032967
619,619,15,12,5,1,rogerstanimoto,eom,3,0.967032967032967
30,30,15,12,8,1,sokalsneath,leaf,3,0.967032967032967
65,65,15,12,8,1,sokalsneath,eom,3,0.967032967032967
40,40,20,12,10,5,rogerstanimoto,leaf,1,1.0
1,1,15,12,15,1,rogerstanimoto,eom,1,1.0
1234,1234,20,12,5,5,sokalsneath,leaf,1,1.0
21,21,20,12,10,5,rogerstanimoto,leaf,1,1.0
1103,1103,15,12,15,1,rogerstanimoto,leaf,1,1.0
62,62,20,12,8,5,rogerstanimoto,eom,1,1.0
290,290,20,12,15,5,rogerstanimoto,leaf,1,1.0
105,105,15,12,15,1,sokalsneath,eom,1,1.0
1345,1345,20,12,15,5,sokalsneath,leaf,1,1.0
620,620,20,12,5,5,sokalsneath,eom,1,1.0
617,617,20,12,5,5,rogerstanimoto,leaf,1,1.0
591,591,20,12,15,5,sokalsneath,leaf,1,1.0
588,588,20,12,15,5,sokalsneath,leaf,1,1.0
1210,1210,20,12,5,5,rogerstanimoto,eom,1,1.0
545,545,15,12,15,1,sokalsneath,eom,1,1.0
527,527,20,12,8,5,rogerstanimoto,eom,1,1.0
1365,1365,15,12,15,1,rogerstanimoto,leaf,1,1.0
746,746,20,12,8,5,rogerstanimoto,eom,1,1.0
484,484,20,12,10,5,rogerstanimoto,leaf,1,1.0
787,787,20,12,8,5,sokalsneath,eom,1,1.0
810,810,20,12,8,5,sokalsneath,eom,1,1.0
830,830,20,12,5,5,sokalsneath,eom,1,1.0
298,298,20,12,5,5,rogerstanimoto,leaf,1,1.0
1273,1273,20,12,15,5,sokalsneath,leaf,1,1.0
945,945,20,12,8,5,sokalsneath,leaf,1,1.0
952,952,20,12,10,5,sokalsneath,leaf,1,1.0
981,981,20,12,5,5,rogerstanimoto,leaf,1,1.0
998,998,20,12,15,5,rogerstanimoto,eom,1,1.0
1023,1023,15,12,15,1,sokalsneath,leaf,1,1.0
145,145,20,12,15,5,rogerstanimoto,eom,1,1.0
1085,1085,15,12,15,1,sokalsneath,leaf,1,1.0
1095,1095,20,12,10,5,rogerstanimoto,eom,1,1.0
1195,1195,15,12,15,1,sokalsneath,leaf,1,1.0
